name	id	component_based	item_version	component_nbt_bytes
minecraft:element_29	-40	false	NONE	3
minecraft:brown_wool	-555	false	NONE	3
minecraft:cherry_double_slab	-540	false	NONE	3
minecraft:brown_stained_glass	-684	false	NONE	3
minecraft:wooden_spear	856	true	DATA_DRIVEN	1925
minecraft:brain_coral_fan	-840	false	NONE	3
minecraft:bow	302	false	NONE	3
minecraft:pink_cushion	784	false	NONE	3
minecraft:cooked_cod	268	false	LEGACY	236
minecraft:waxed_exposed_copper_bulb	-781	false	NONE	3
minecraft:purpur_block	201	false	NONE	3
minecraft:enderman_spawn_egg	446	false	NONE	3
minecraft:music_disc_ward	553	true	NONE	3
minecraft:air	-158	false	NONE	3
minecraft:copper_golem_statue	-1039	false	NONE	3
minecraft:charcoal	305	true	NONE	3
minecraft:stray_spawn_egg	466	false	NONE	3
minecraft:stone_spear	855	true	DATA_DRIVEN	1903
minecraft:light_block_2	-930	false	NONE	3
minecraft:copper_helmet	752	false	NONE	3
minecraft:silver_glazed_terracotta	228	false	NONE	3
minecraft:cocoa_beans	415	false	NONE	3
minecraft:tropical_fish	266	false	LEGACY	236
minecraft:wooden_slab	810	false	NONE	3
minecraft:golden_spear	852	true	DATA_DRIVEN	1884
minecraft:iron_golem_spawn_egg	510	false	NONE	3
minecraft:waxed_oxidized_copper_door	-791	false	NONE	3
minecraft:acacia_log	162	false	NONE	3
minecraft:copper_spear	850	true	DATA_DRIVEN	1889
minecraft:magenta_candle_cake	-432	false	NONE	3
minecraft:item.campfire	-209	false	NONE	3
minecraft:melon_slice	272	false	LEGACY	208
minecraft:wooden_pickaxe	312	false	NONE	3
minecraft:waxed_weathered_copper_door	-790	false	NONE	3
minecraft:beetroot_soup	286	false	LEGACY	239
minecraft:piglin_head	-970	false	NONE	3
minecraft:diamond_spear	851	true	DATA_DRIVEN	1952
minecraft:netherite_spear	854	true	DATA_DRIVEN	1951
minecraft:iron_spear	853	true	DATA_DRIVEN	1871
minecraft:black_bundle	857	true	DATA_DRIVEN	855
minecraft:endermite_spawn_egg	464	false	NONE	3
minecraft:pink_bundle	869	true	DATA_DRIVEN	852
minecraft:cinnabar_slab	-1110	false	NONE	3
minecraft:weathered_cut_copper_stairs	-356	false	NONE	3
minecraft:blue_bundle	858	true	DATA_DRIVEN	852
minecraft:rapid_fertilizer	611	false	NONE	3
minecraft:orange_tulip	-834	false	NONE	3
minecraft:dead_bubble_coral_block	-855	false	NONE	3
minecraft:green_candle	-426	false	NONE	3
minecraft:brown_bundle	859	true	DATA_DRIVEN	855
minecraft:sparkler	614	false	NONE	3
minecraft:warped_door	631	false	NONE	3
minecraft:cooked_salmon	269	false	LEGACY	236
minecraft:underwater_tnt	-985	false	NONE	3
minecraft:pufferfish_spawn_egg	486	false	NONE	3
minecraft:red_mushroom_block	100	false	NONE	3
minecraft:crimson_fungus	-228	false	NONE	3
minecraft:item.frame	199	false	NONE	3
minecraft:bundle	860	true	DATA_DRIVEN	837
minecraft:cyan_bundle	861	true	DATA_DRIVEN	852
minecraft:polished_blackstone_brick_slab	-284	false	NONE	3
minecraft:mushroom_stew	260	false	LEGACY	239
minecraft:element_25	-36	false	NONE	3
minecraft:mangrove_leaves	-472	false	NONE	3
minecraft:ravager_spawn_egg	498	false	NONE	3
minecraft:cooked_porkchop	263	false	LEGACY	208
minecraft:pale_oak_fence	-991	false	NONE	3
minecraft:gray_bundle	862	true	DATA_DRIVEN	852
minecraft:iron_horse_armor	541	false	NONE	3
minecraft:weathered_copper_door	-786	false	NONE	3
minecraft:raw_copper_block	-452	false	NONE	3
minecraft:barrel	-203	false	NONE	3
minecraft:green_bundle	863	true	DATA_DRIVEN	855
minecraft:iron_chestplate	347	false	NONE	3
minecraft:waxed_oxidized_cut_copper_stairs	-448	false	NONE	3
minecraft:torch	50	false	NONE	3
minecraft:light_blue_bundle	864	true	DATA_DRIVEN	870
minecraft:element_15	-26	false	NONE	3
minecraft:magenta_terracotta	-725	false	NONE	3
minecraft:nether_star	528	false	NONE	3
minecraft:enchanted_golden_apple	259	false	LEGACY	644
minecraft:polished_tuff_double_slab	-750	false	NONE	3
minecraft:tuff	-333	false	NONE	3
minecraft:light_gray_bundle	865	true	DATA_DRIVEN	870
minecraft:lime_bundle	866	true	DATA_DRIVEN	852
minecraft:element_78	-89	false	NONE	3
minecraft:honeycomb	603	false	LEGACY	3
minecraft:smooth_basalt	-377	false	NONE	3
minecraft:pale_oak_sign	724	false	NONE	3
minecraft:glow_berries	879	false	LEGACY	360
minecraft:music_disc_stal	551	true	NONE	3
minecraft:netherite_sword	617	false	NONE	3
minecraft:compass	394	false	NONE	3
minecraft:coast_armor_trim_smithing_template	697	false	NONE	3
minecraft:magenta_bundle	867	true	DATA_DRIVEN	861
minecraft:stripped_crimson_stem	-240	false	NONE	3
minecraft:pale_moss_carpet	-1010	false	NONE	3
minecraft:camera	607	false	LEGACY	245
minecraft:chorus_fruit	568	false	LEGACY	219
minecraft:medium_amethyst_bud	-331	false	NONE	3
minecraft:lapis_lazuli	417	false	NONE	3
minecraft:waxed_copper_grate	-772	false	NONE	3
minecraft:suspicious_stew	602	false	LEGACY	239
minecraft:wooden_door	362	false	NONE	3
minecraft:music_disc_wait	555	true	NONE	3
minecraft:orange_bundle	868	true	DATA_DRIVEN	858
minecraft:balloon	612	false	NONE	3
minecraft:smooth_sandstone_double_slab	-916	false	NONE	3
minecraft:purple_bundle	870	true	DATA_DRIVEN	858
minecraft:white_candle_cake	-430	false	NONE	3
minecraft:respawn_anchor	-272	false	NONE	3
minecraft:red_bundle	871	true	DATA_DRIVEN	849
minecraft:jungle_door	565	false	NONE	3
minecraft:music_disc_cat	545	true	NONE	3
minecraft:dead_tube_coral_wall_fan	-905	false	NONE	3
minecraft:deepslate_lapis_ore	-400	false	NONE	3
minecraft:white_bundle	872	true	DATA_DRIVEN	855
minecraft:flint_and_steel	301	false	NONE	3
minecraft:zoglin_spawn_egg	503	false	NONE	3
minecraft:granite_stairs	-169	false	NONE	3
minecraft:mourner_pottery_sherd	685	false	NONE	3
minecraft:yellow_bundle	873	true	DATA_DRIVEN	858
minecraft:trapped_chest	146	false	NONE	3
minecraft:pufferfish	267	false	LEGACY	499
minecraft:bucket	363	false	NONE	3
minecraft:ancient_debris	-271	false	NONE	3
minecraft:copper_sword	747	false	NONE	3
minecraft:clay_ball	387	false	NONE	3
minecraft:diorite_wall	-973	false	NONE	3
minecraft:wind_charge	877	true	DATA_DRIVEN	797
minecraft:element_68	-79	false	NONE	3
minecraft:white_candle	-413	false	NONE	3
minecraft:sweet_berries	287	false	LEGACY	424
minecraft:cinnabar_bricks	-1119	false	NONE	3
minecraft:resin_brick	726	false	NONE	3
minecraft:deepslate_tile_wall	-390	false	NONE	3
minecraft:golden_carrot	283	false	LEGACY	208
minecraft:smooth_quartz_slab	-898	false	NONE	3
minecraft:breeze_rod	874	true	DATA_DRIVEN	491
minecraft:command_block	137	false	NONE	3
minecraft:potion	430	false	NONE	3
minecraft:chicken	275	false	LEGACY	302
minecraft:pale_oak_chest_boat	723	false	NONE	3
minecraft:strider_spawn_egg	500	false	NONE	3
minecraft:carrot	279	false	LEGACY	334
minecraft:raw_gold_block	-453	false	NONE	3
minecraft:black_carpet	-611	false	NONE	3
minecraft:vex_armor_trim_smithing_template	701	false	NONE	3
minecraft:ominous_trial_key	875	true	DATA_DRIVEN	471
minecraft:dead_fire_coral_fan	-846	false	NONE	3
minecraft:smooth_stone	-183	false	NONE	3
minecraft:element_43	-54	false	NONE	3
minecraft:beetroot	285	false	LEGACY	208
minecraft:music_disc_strad	552	true	NONE	3
minecraft:chiseled_cinnabar	-1124	false	NONE	3
minecraft:iron_sword	309	false	NONE	3
minecraft:trial_key	876	true	DATA_DRIVEN	455
minecraft:green_harness	735	false	NONE	3
minecraft:torchflower_seeds	296	false	LEGACY	151
minecraft:lantern	-208	false	NONE	3
minecraft:red_sandstone_slab	182	false	NONE	3
minecraft:moss_carpet	-335	false	NONE	3
minecraft:netherite_horse_armor	766	false	NONE	3
minecraft:red_nether_brick	215	false	NONE	3
minecraft:honey_bottle	604	false	LEGACY	266
minecraft:bamboo_sign	665	false	NONE	3
minecraft:apple	878	true	DATA_DRIVEN	741
minecraft:stripped_oak_log	-10	false	NONE	3
minecraft:element_50	-61	false	NONE	3
minecraft:board	606	false	NONE	3
minecraft:iron_bars	101	false	NONE	3
minecraft:polar_bear_spawn_egg	477	false	NONE	3
minecraft:element_80	-91	false	NONE	3
minecraft:pitcher_pod	297	false	LEGACY	147
minecraft:powder_snow	-306	false	NONE	3
minecraft:lime_carpet	-601	false	NONE	3
minecraft:pink_tulip	-836	false	NONE	3
minecraft:baked_potato	281	false	LEGACY	208
minecraft:horse_spawn_egg	462	false	NONE	3
minecraft:gray_stained_glass_pane	-649	false	NONE	3
minecraft:beef	273	false	LEGACY	208
minecraft:blaze_spawn_egg	460	false	NONE	3
minecraft:spruce_planks	-739	false	NONE	3
minecraft:element_27	-38	false	NONE	3
minecraft:wild_armor_trim_smithing_template	698	false	NONE	3
minecraft:beetroot_seeds	295	false	LEGACY	143
minecraft:bamboo_double_slab	-521	false	NONE	3
minecraft:element_35	-46	false	NONE	3
minecraft:cherry_chest_boat	663	false	NONE	3
minecraft:bread	261	false	LEGACY	208
minecraft:stonecutter_block	-197	false	NONE	3
minecraft:exposed_copper	-341	false	NONE	3
minecraft:cooked_beef	274	false	LEGACY	208
minecraft:comparator	532	true	NONE	3
minecraft:smoker	-198	false	NONE	3
minecraft:rabbit_foot	538	false	NONE	3
minecraft:lingering_potion	572	false	NONE	3
minecraft:campfire	601	true	NONE	3
minecraft:mangrove_wood	-497	false	NONE	3
minecraft:cooked_chicken	276	false	LEGACY	208
minecraft:element_34	-45	false	NONE	3
minecraft:cod	264	false	LEGACY	236
minecraft:prismarine_bricks_stairs	-4	false	NONE	3
minecraft:cooked_rabbit	289	false	LEGACY	208
minecraft:glow_squid_spawn_egg	509	false	NONE	3
minecraft:music_disc_chirp	547	true	NONE	3
minecraft:porkchop	262	false	LEGACY	208
minecraft:cookie	271	false	LEGACY	208
minecraft:chipped_anvil	-959	false	NONE	3
minecraft:pink_carpet	-602	false	NONE	3
minecraft:slime_spawn_egg	449	false	NONE	3
minecraft:dried_kelp	270	false	LEGACY	208
minecraft:angler_pottery_sherd	670	false	NONE	3
minecraft:golden_apple	258	false	LEGACY	434
minecraft:music_disc_bounce	835	true	NONE	3
minecraft:melon_seeds	293	false	LEGACY	145
minecraft:glass_bottle	431	false	NONE	3
minecraft:element_44	-55	false	NONE	3
minecraft:cooked_mutton	561	false	LEGACY	208
minecraft:sculk_vein	-459	false	NONE	3
minecraft:waxed_cut_copper_slab	-365	false	NONE	3
minecraft:infested_mossy_stone_bricks	-860	false	NONE	3
minecraft:mutton	560	false	LEGACY	208
minecraft:red_stained_glass	-686	false	NONE	3
minecraft:acacia_shelf	-1051	false	NONE	3
minecraft:nether_wart	294	false	LEGACY	137
minecraft:spruce_stairs	134	false	NONE	3
minecraft:element_13	-24	false	NONE	3
minecraft:poisonous_potato	282	false	LEGACY	302
minecraft:bookshelf	47	false	NONE	3
minecraft:golden_horse_armor	542	false	NONE	3
minecraft:smooth_quartz_stairs	-185	false	NONE	3
minecraft:potato	280	false	LEGACY	335
minecraft:cinnabar_brick_stairs	-1122	false	NONE	3
minecraft:chiseled_copper	-760	false	NONE	3
minecraft:obsidian	49	false	NONE	3
minecraft:prize_pottery_sherd	687	false	NONE	3
minecraft:pumpkin_pie	284	false	LEGACY	208
minecraft:polished_granite	-591	false	NONE	3
minecraft:command_block_minecart	573	false	NONE	3
minecraft:chest	54	false	NONE	3
minecraft:pumpkin_seeds	292	false	LEGACY	147
minecraft:element_2	-13	false	NONE	3
minecraft:sea_lantern	169	false	NONE	3
minecraft:rabbit	288	false	LEGACY	208
minecraft:creeper_banner_pattern	592	false	NONE	3
minecraft:element_94	-105	false	NONE	3
minecraft:skull_pottery_sherd	691	false	NONE	3
minecraft:yellow_concrete	-631	false	NONE	3
minecraft:rabbit_stew	290	false	LEGACY	239
minecraft:spruce_wood	-814	false	NONE	3
minecraft:rotten_flesh	277	false	LEGACY	302
minecraft:element_62	-73	false	NONE	3
minecraft:witch_spawn_egg	456	false	NONE	3
minecraft:dirt	3	false	NONE	3
minecraft:deepslate_bricks	-391	false	NONE	3
minecraft:salmon	265	false	LEGACY	236
minecraft:spider_eye	278	false	LEGACY	302
minecraft:hard_pink_stained_glass	-693	false	NONE	3
minecraft:wheat_seeds	291	false	LEGACY	140
minecraft:white_tulip	-835	false	NONE	3
minecraft:element_39	-50	false	NONE	3
minecraft:element_83	-94	false	NONE	3
minecraft:lodestone_compass	616	false	NONE	3
minecraft:stone_brick_stairs	109	false	NONE	3
minecraft:yellow_glazed_terracotta	224	false	NONE	3
minecraft:blue_carpet	-607	false	NONE	3
minecraft:portal	90	false	NONE	3
minecraft:gold_ingot	308	false	NONE	3
minecraft:iron_ingot	307	false	NONE	3
minecraft:brown_concrete_powder	-720	false	NONE	3
minecraft:oak_chest_boat	651	false	NONE	3
minecraft:egg	393	false	NONE	3
minecraft:cow_spawn_egg	440	false	NONE	3
minecraft:element_71	-82	false	NONE	3
minecraft:happy_ghast_spawn_egg	729	false	NONE	3
minecraft:hard_brown_stained_glass	-699	false	NONE	3
minecraft:iron_pickaxe	299	false	NONE	3
minecraft:pillager_spawn_egg	496	false	NONE	3
minecraft:stained_glass_pane	827	false	NONE	3
minecraft:stone_axe	317	false	NONE	3
minecraft:polished_diorite_slab	-895	false	NONE	3
minecraft:purpur_pillar	-951	false	NONE	3
minecraft:element_77	-88	false	NONE	3
minecraft:element_1	-12	false	NONE	3
minecraft:hay_block	170	false	NONE	3
minecraft:music_disc_creator_music_box	831	true	NONE	3
minecraft:wooden_shovel	311	false	NONE	3
minecraft:nautilus_shell	580	false	NONE	3
minecraft:camel_husk_spawn_egg	669	false	NONE	3
minecraft:copper_door	-784	false	NONE	3
minecraft:element_3	-14	false	NONE	3
minecraft:light_blue_glazed_terracotta	223	false	NONE	3
minecraft:stone_sword	314	false	NONE	3
minecraft:white_dye	413	false	NONE	3
minecraft:camel_spawn_egg	668	false	NONE	3
minecraft:yellow_candle	-417	false	NONE	3
minecraft:dune_armor_trim_smithing_template	696	false	NONE	3
minecraft:golden_dandelion	-1091	false	NONE	3
minecraft:element_14	-25	false	NONE	3
minecraft:diamond_pickaxe	320	false	NONE	3
minecraft:cherry_wall_sign	-544	false	NONE	3
minecraft:tube_coral_block	-132	false	NONE	3
minecraft:mossy_stone_bricks	-868	false	NONE	3
minecraft:water_bucket	365	false	NONE	3
minecraft:element_74	-85	false	NONE	3
minecraft:dead_brain_coral_wall_fan	-906	false	NONE	3
minecraft:shulker_spawn_egg	474	false	NONE	3
minecraft:red_dye	399	false	NONE	3
minecraft:bone	418	false	NONE	3
minecraft:tadpole_bucket	643	false	NONE	3
minecraft:golden_chestplate	355	false	NONE	3
minecraft:hard_stained_glass	838	false	NONE	3
minecraft:element_84	-95	false	NONE	3
minecraft:iron_axe	300	false	NONE	3
minecraft:raw_iron	516	false	NONE	3
minecraft:iron_shovel	298	false	NONE	3
minecraft:element_104	-115	false	NONE	3
minecraft:light_gray_stained_glass_pane	-650	false	NONE	3
minecraft:stone_shovel	315	false	NONE	3
minecraft:light_block_15	-943	false	NONE	3
minecraft:smooth_stone_slab	44	false	NONE	3
minecraft:melon_block	103	false	NONE	3
minecraft:oxeye_daisy	-837	false	NONE	3
minecraft:arrow	303	true	NONE	3
minecraft:coal	304	true	NONE	3
minecraft:diamond	306	false	NONE	3
minecraft:music_disc_mall	549	true	NONE	3
minecraft:oxidized_cut_copper_stairs	-357	false	NONE	3
minecraft:wooden_sword	310	false	NONE	3
minecraft:netherite_boots	626	false	NONE	3
minecraft:waxed_exposed_copper_lantern	-1088	false	NONE	3
minecraft:farmland	60	false	NONE	3
minecraft:wooden_axe	313	false	NONE	3
minecraft:zombie_pigman_spawn_egg	452	false	NONE	3
minecraft:crimson_trapdoor	-246	false	NONE	3
minecraft:raw_gold	517	false	NONE	3
minecraft:planks	814	false	NONE	3
minecraft:salmon_bucket	368	false	NONE	3
minecraft:stone_pickaxe	316	false	NONE	3
minecraft:diamond_shovel	319	false	NONE	3
minecraft:resin_brick_stairs	-1016	false	NONE	3
minecraft:exposed_copper_trapdoor	-793	false	NONE	3
minecraft:chainmail_helmet	342	false	NONE	3
minecraft:oxidized_copper_trapdoor	-795	false	NONE	3
minecraft:smithing_table	-202	false	NONE	3
minecraft:end_stone_brick_slab	-162	false	NONE	3
minecraft:diamond_sword	318	false	NONE	3
minecraft:colored_torch_purple	-964	false	NONE	3
minecraft:diamond_axe	321	false	NONE	3
minecraft:mangrove_boat	648	false	NONE	3
minecraft:hard_glass	253	false	NONE	3
minecraft:dark_prismarine_slab	-886	false	NONE	3
minecraft:mace	322	false	NONE	3
minecraft:deepslate_brick_slab	-392	false	NONE	3
minecraft:spyglass	638	false	NONE	3
minecraft:flow_armor_trim_smithing_template	711	false	NONE	3
minecraft:stick	323	false	NONE	3
minecraft:sulfur_spike	-1125	false	NONE	3
minecraft:raiser_armor_trim_smithing_template	708	false	NONE	3
minecraft:azure_bluet	-832	false	NONE	3
minecraft:mangrove_hanging_sign	-508	false	NONE	3
minecraft:warped_wart_block	-227	false	NONE	3
minecraft:vine	106	false	NONE	3
minecraft:spruce_fence	-579	false	NONE	3
minecraft:flowing_water	8	false	NONE	3
minecraft:bowl	324	false	NONE	3
minecraft:arms_up_pottery_sherd	672	false	NONE	3
minecraft:petrified_oak_slab	-902	false	NONE	3
minecraft:golden_sword	325	false	NONE	3
minecraft:lit_deepslate_redstone_ore	-404	false	NONE	3
minecraft:golden_shovel	326	false	NONE	3
minecraft:lit_redstone_lamp	124	false	NONE	3
minecraft:golden_pickaxe	327	false	NONE	3
minecraft:cinnabar_double_slab	-1111	false	NONE	3
minecraft:green_wool	-560	false	NONE	3
minecraft:elytra	574	false	NONE	3
minecraft:element_52	-63	false	NONE	3
minecraft:golden_axe	328	false	NONE	3
minecraft:sulfur_cube_spawn_egg	767	false	NONE	3
minecraft:poplar_sapling	-1143	false	NONE	3
minecraft:string	329	true	NONE	3
minecraft:feather	330	false	NONE	3
minecraft:gunpowder	331	false	NONE	3
minecraft:birch_sapling	-826	false	NONE	3
minecraft:acacia_stairs	163	false	NONE	3
minecraft:wooden_hoe	332	false	NONE	3
minecraft:skull_banner_pattern	593	false	NONE	3
minecraft:brown_terracotta	-735	false	NONE	3
minecraft:panda_spawn_egg	494	false	NONE	3
minecraft:brick_wall	-976	false	NONE	3
minecraft:blue_orchid	-830	false	NONE	3
minecraft:stone_hoe	333	false	NONE	3
minecraft:snow_golem_spawn_egg	511	false	NONE	3
minecraft:cinnabar_wall	-1113	false	NONE	3
minecraft:iron_hoe	334	false	NONE	3
minecraft:diamond_hoe	335	false	NONE	3
minecraft:stripped_cherry_wood	-545	false	NONE	3
minecraft:element_86	-97	false	NONE	3
minecraft:cherry_sign	664	false	NONE	3
minecraft:golden_hoe	336	false	NONE	3
minecraft:magenta_dye	411	false	NONE	3
minecraft:wheat	337	false	NONE	3
minecraft:petrified_oak_double_slab	-903	false	NONE	3
minecraft:leather_helmet	338	false	NONE	3
minecraft:glow_frame	636	true	NONE	3
minecraft:silence_armor_trim_smithing_template	706	false	NONE	3
minecraft:leather_chestplate	339	false	NONE	3
minecraft:element_105	-116	false	NONE	3
minecraft:poplar_sign	771	false	NONE	3
minecraft:sulfur_slab	-1093	false	NONE	3
minecraft:leather_leggings	340	false	NONE	3
minecraft:lodestone	-222	false	NONE	3
minecraft:leather_boots	341	false	NONE	3
minecraft:glistering_melon_slice	438	false	NONE	3
minecraft:end_gateway	209	false	NONE	3
minecraft:chainmail_chestplate	343	false	NONE	3
minecraft:item.beetroot	244	false	NONE	3
minecraft:dark_oak_double_slab	-813	false	NONE	3
minecraft:chainmail_leggings	344	false	NONE	3
minecraft:chainmail_boots	345	false	NONE	3
minecraft:stripped_poplar_wood	-1141	false	NONE	3
minecraft:purple_cushion	785	false	NONE	3
minecraft:iron_helmet	346	false	NONE	3
minecraft:snowball	377	true	NONE	3
minecraft:iron_leggings	348	false	NONE	3
minecraft:iron_boots	349	false	NONE	3
minecraft:burn_pottery_sherd	675	false	NONE	3
minecraft:diamond_helmet	350	false	NONE	3
minecraft:ender_eye	437	false	NONE	3
minecraft:music_disc_pigstep	633	true	NONE	3
minecraft:hard_cyan_stained_glass_pane	-666	false	NONE	3
minecraft:stripped_jungle_wood	-822	false	NONE	3
minecraft:magenta_stained_glass	-674	false	NONE	3
minecraft:element_64	-75	false	NONE	3
minecraft:stone_pressure_plate	70	false	NONE	3
minecraft:rose_bush	-866	false	NONE	3
minecraft:diamond_chestplate	351	false	NONE	3
minecraft:sand	12	false	NONE	3
minecraft:diamond_leggings	352	false	NONE	3
minecraft:axolotl_spawn_egg	507	false	NONE	3
minecraft:cut_copper_slab	-361	false	NONE	3
minecraft:diamond_boots	353	false	NONE	3
minecraft:element_51	-62	false	NONE	3
minecraft:green_stained_glass	-685	false	NONE	3
minecraft:golden_helmet	354	false	NONE	3
minecraft:glowstone	89	false	NONE	3
minecraft:golden_leggings	356	false	NONE	3
minecraft:polished_deepslate_stairs	-385	false	NONE	3
minecraft:golden_boots	357	false	NONE	3
minecraft:light_blue_cushion	779	false	NONE	3
minecraft:shield	358	false	NONE	3
minecraft:wet_sponge	-984	false	NONE	3
minecraft:cyan_carpet	-605	false	NONE	3
minecraft:flint	359	false	NONE	3
minecraft:carpet	790	false	NONE	3
minecraft:agent_spawn_egg	492	false	NONE	3
minecraft:painting	360	false	NONE	3
minecraft:heart_of_the_sea	581	false	NONE	3
minecraft:colored_torch_blue	204	false	NONE	3
minecraft:oak_sign	361	false	NONE	3
minecraft:milk_bucket	364	false	NONE	3
minecraft:flow_banner_pattern	599	false	NONE	3
minecraft:mangrove_fence_gate	-492	false	NONE	3
minecraft:magenta_glazed_terracotta	222	false	NONE	3
minecraft:lava_bucket	366	false	NONE	3
minecraft:cod_bucket	367	false	NONE	3
minecraft:vindicator_spawn_egg	479	false	NONE	3
minecraft:polished_cinnabar_wall	-1118	false	NONE	3
minecraft:tropical_fish_bucket	369	false	NONE	3
minecraft:crimson_pressure_plate	-262	false	NONE	3
minecraft:oxidized_copper_chain	-1077	false	NONE	3
minecraft:spruce_fence_gate	183	false	NONE	3
minecraft:exposed_cut_copper_slab	-362	false	NONE	3
minecraft:element_70	-81	false	NONE	3
minecraft:dead_brain_coral_block	-854	false	NONE	3
minecraft:pufferfish_bucket	370	false	NONE	3
minecraft:item.nether_wart	115	false	NONE	3
minecraft:powder_snow_bucket	371	false	NONE	3
minecraft:evoker_spawn_egg	480	false	NONE	3
minecraft:music_disc_11	554	true	NONE	3
minecraft:wolf_spawn_egg	443	false	NONE	3
minecraft:damaged_anvil	-960	false	NONE	3
minecraft:parrot_spawn_egg	483	false	NONE	3
minecraft:axolotl_bucket	372	false	NONE	3
minecraft:cyan_concrete_powder	-717	false	NONE	3
minecraft:minecart	373	false	NONE	3
minecraft:red_cushion	786	false	NONE	3
minecraft:saddle	374	false	NONE	3
minecraft:iron_door	375	false	NONE	3
minecraft:redstone	376	false	NONE	3
minecraft:weathered_chiseled_copper	-762	false	NONE	3
minecraft:black_cushion	773	false	NONE	3
minecraft:closed_eyeblossom	-1019	false	NONE	3
minecraft:heavy_core	-316	false	NONE	3
minecraft:sniffer_egg	-596	false	NONE	3
minecraft:sheep_spawn_egg	442	false	NONE	3
minecraft:poplar_fence	-1128	false	NONE	3
minecraft:waxed_weathered_copper_bars	-1072	false	NONE	3
minecraft:dead_fire_coral_wall_fan	-909	false	NONE	3
minecraft:sulfur_bricks	-1102	false	NONE	3
minecraft:white_shulker_box	218	false	NONE	3
minecraft:activator_rail	126	false	NONE	3
minecraft:oak_boat	378	false	NONE	3
minecraft:red_sandstone_wall	-982	false	NONE	3
minecraft:fire_coral_fan	-842	false	NONE	3
minecraft:elder_guardian_spawn_egg	476	false	NONE	3
minecraft:crossbow	585	false	NONE	3
minecraft:element_97	-108	false	NONE	3
minecraft:birch_boat	379	false	NONE	3
minecraft:polished_granite_stairs	-172	false	NONE	3
minecraft:lime_stained_glass_pane	-647	false	NONE	3
minecraft:jungle_boat	380	false	NONE	3
minecraft:decorated_pot	-551	false	NONE	3
minecraft:light_blue_terracotta	-726	false	NONE	3
minecraft:spruce_boat	381	false	NONE	3
minecraft:copper_bulb	-776	false	NONE	3
minecraft:silverfish_spawn_egg	447	false	NONE	3
minecraft:deepslate_coal_ore	-406	false	NONE	3
minecraft:element_9	-20	false	NONE	3
minecraft:tuff_slab	-744	false	NONE	3
minecraft:acacia_boat	382	false	NONE	3
minecraft:dark_oak_boat	383	false	NONE	3
minecraft:skeleton_skull	144	false	NONE	3
minecraft:leather	384	false	NONE	3
minecraft:iron_ore	15	false	NONE	3
minecraft:written_book	522	false	NONE	3
minecraft:snort_pottery_sherd	692	false	NONE	3
minecraft:kelp	385	true	NONE	3
minecraft:brick	386	false	NONE	3
minecraft:white_cushion	787	false	NONE	3
minecraft:globe_banner_pattern	598	false	NONE	3
minecraft:hard_brown_stained_glass_pane	-669	false	NONE	3
minecraft:short_dry_grass	-1028	false	NONE	3
minecraft:gold_nugget	429	false	NONE	3
minecraft:sugar_cane	388	true	NONE	3
minecraft:hard_lime_stained_glass_pane	-662	false	NONE	3
minecraft:lit_pumpkin	91	false	NONE	3
minecraft:netherite_ingot	622	false	NONE	3
minecraft:netherite_upgrade_smithing_template	694	false	NONE	3
minecraft:yellow_terracotta	-727	false	NONE	3
minecraft:heartbreak_pottery_sherd	682	false	NONE	3
minecraft:element_23	-34	false	NONE	3
minecraft:magenta_shulker_box	-614	false	NONE	3
minecraft:sulfur_cube_bucket	768	false	NONE	3
minecraft:paper	389	false	NONE	3
minecraft:granite	-590	false	NONE	3
minecraft:gray_concrete_powder	-715	false	NONE	3
minecraft:book	390	false	NONE	3
minecraft:coral	818	false	NONE	3
minecraft:tadpole_spawn_egg	642	false	NONE	3
minecraft:dead_tube_coral_fan	-134	false	NONE	3
minecraft:dead_horn_coral	-589	false	NONE	3
minecraft:slime_ball	391	false	NONE	3
minecraft:trident	556	false	NONE	3
minecraft:chest_minecart	392	false	NONE	3
minecraft:fishing_rod	395	true	NONE	3
minecraft:sulfur_brick_stairs	-1105	false	NONE	3
minecraft:sulfur_wall	-1096	false	NONE	3
minecraft:jungle_sapling	-827	false	NONE	3
minecraft:clock	396	false	NONE	3
minecraft:andesite_stairs	-171	false	NONE	3
minecraft:reserved6	255	false	NONE	3
minecraft:ocelot_spawn_egg	455	false	NONE	3
minecraft:bogged_spawn_egg	467	false	NONE	3
minecraft:glowstone_dust	397	false	NONE	3
minecraft:black_dye	398	false	NONE	3
minecraft:deny	211	false	NONE	3
minecraft:deepslate_brick_wall	-394	false	NONE	3
minecraft:cyan_shulker_box	-621	false	NONE	3
minecraft:bee_spawn_egg	499	false	NONE	3
minecraft:shulker_box	828	false	NONE	3
minecraft:green_dye	400	false	NONE	3
minecraft:miner_pottery_sherd	684	false	NONE	3
minecraft:red_candle_cake	-444	false	NONE	3
minecraft:dandelion	37	false	NONE	3
minecraft:netherite_nautilus_armor	765	false	NONE	3
minecraft:brown_dye	401	false	NONE	3
minecraft:mud_brick_slab	-478	false	NONE	3
minecraft:pale_oak_wall_sign	-1003	false	NONE	3
minecraft:cut_red_sandstone_slab	-901	false	NONE	3
minecraft:polished_diorite	-593	false	NONE	3
minecraft:blue_dye	402	false	NONE	3
minecraft:frame	524	true	NONE	3
minecraft:item.cake	92	false	NONE	3
minecraft:exposed_copper_bars	-1067	false	NONE	3
minecraft:purpur_slab	-884	false	NONE	3
minecraft:purple_dye	403	false	NONE	3
minecraft:snout_armor_trim_smithing_template	703	false	NONE	3
minecraft:andesite_double_slab	-920	false	NONE	3
minecraft:orange_wool	-557	false	NONE	3
minecraft:cyan_dye	404	false	NONE	3
minecraft:sulfur_brick_double_slab	-1104	false	NONE	3
minecraft:blaze_rod	426	false	NONE	3
minecraft:music_disc_13	544	true	NONE	3
minecraft:oak_planks	5	false	NONE	3
minecraft:sticky_piston_arm_collision	-217	false	NONE	3
minecraft:pale_oak_leaves	-1007	false	NONE	3
minecraft:light_gray_dye	405	false	NONE	3
minecraft:rabbit_spawn_egg	463	false	NONE	3
minecraft:quartz_double_slab	-882	false	NONE	3
minecraft:gray_dye	406	false	NONE	3
minecraft:element_41	-52	false	NONE	3
minecraft:piglin_brute_spawn_egg	504	false	NONE	3
minecraft:pink_dye	407	false	NONE	3
minecraft:lime_dye	408	false	NONE	3
minecraft:blast_furnace	-196	false	NONE	3
minecraft:light_block_0	-215	false	NONE	3
minecraft:yellow_dye	409	false	NONE	3
minecraft:turtle_egg	-159	false	NONE	3
minecraft:light_blue_dye	410	false	NONE	3
minecraft:dirt_with_roots	-318	false	NONE	3
minecraft:mangrove_door	646	false	NONE	3
minecraft:waxed_copper_bulb	-780	false	NONE	3
minecraft:cyan_stained_glass	-681	false	NONE	3
minecraft:birch_leaves	-801	false	NONE	3
minecraft:orange_dye	412	false	NONE	3
minecraft:blue_stained_glass_pane	-653	false	NONE	3
minecraft:stained_glass	826	false	NONE	3
minecraft:birch_slab	-805	false	NONE	3
minecraft:bed	421	false	NONE	3
minecraft:item.flower_pot	140	false	NONE	3
minecraft:waxed_exposed_chiseled_copper	-765	false	NONE	3
minecraft:bone_meal	414	false	NONE	3
minecraft:ink_sac	416	false	NONE	3
minecraft:compound_creator	238	false	NONE	3
minecraft:turtle_helmet	583	false	NONE	3
minecraft:element_40	-51	false	NONE	3
minecraft:purple_stained_glass	-682	false	NONE	3
minecraft:oak_slab	158	false	NONE	3
minecraft:sugar	419	false	NONE	3
minecraft:acacia_hanging_sign	-504	false	NONE	3
minecraft:element_91	-102	false	NONE	3
minecraft:cake	420	true	NONE	3
minecraft:creeper_spawn_egg	445	false	NONE	3
minecraft:name_tag	558	false	NONE	3
minecraft:orange_concrete_powder	-709	false	NONE	3
minecraft:blue_candle	-424	false	NONE	3
minecraft:beacon	138	false	NONE	3
minecraft:repeater	422	true	NONE	3
minecraft:netherite_chestplate	624	false	NONE	3
minecraft:double_cut_copper_slab	-368	false	NONE	3
minecraft:element_constructor	-987	false	NONE	3
minecraft:phantom_spawn_egg	491	false	NONE	3
minecraft:element_28	-39	false	NONE	3
minecraft:nether_brick_double_slab	-883	false	NONE	3
minecraft:drowned_spawn_egg	488	false	NONE	3
minecraft:polished_andesite_stairs	-174	false	NONE	3
minecraft:filled_map	423	false	NONE	3
minecraft:shears	424	false	NONE	3
minecraft:smooth_stone_double_slab	43	false	NONE	3
minecraft:ender_pearl	425	false	NONE	3
minecraft:hard_red_stained_glass	-701	false	NONE	3
minecraft:white_carpet	171	false	NONE	3
minecraft:ghast_tear	428	false	NONE	3
minecraft:fermented_spider_eye	432	false	NONE	3
minecraft:tall_dry_grass	-1029	false	NONE	3
minecraft:blaze_powder	433	false	NONE	3
minecraft:diamond_nautilus_armor	764	false	NONE	3
minecraft:light_gray_terracotta	-731	false	NONE	3
minecraft:magma_cream	434	false	NONE	3
minecraft:jigsaw	-211	false	NONE	3
minecraft:copper_nautilus_armor	761	false	NONE	3
minecraft:brewing_stand	435	true	NONE	3
minecraft:cauldron	436	true	NONE	3
minecraft:chicken_spawn_egg	439	false	NONE	3
minecraft:pig_spawn_egg	441	false	NONE	3
minecraft:brown_stained_glass_pane	-654	false	NONE	3
minecraft:mooshroom_spawn_egg	444	false	NONE	3
minecraft:andesite	-594	false	NONE	3
minecraft:fence_gate	107	false	NONE	3
minecraft:skeleton_spawn_egg	448	false	NONE	3
minecraft:bamboo_hanging_sign	-522	false	NONE	3
minecraft:rib_armor_trim_smithing_template	704	false	NONE	3
minecraft:element_106	-117	false	NONE	3
minecraft:spider_spawn_egg	450	false	NONE	3
minecraft:bleach	610	false	NONE	3
minecraft:colored_torch_rg	840	false	NONE	3
minecraft:zombie_spawn_egg	451	false	NONE	3
minecraft:hard_red_stained_glass_pane	-671	false	NONE	3
minecraft:villager_spawn_egg	453	false	NONE	3
minecraft:purple_carpet	-606	false	NONE	3
minecraft:squid_spawn_egg	454	false	NONE	3
minecraft:composter	-213	false	NONE	3
minecraft:bat_spawn_egg	457	false	NONE	3
minecraft:ghast_spawn_egg	458	false	NONE	3
minecraft:dead_bubble_coral_wall_fan	-908	false	NONE	3
minecraft:tnt_minecart	535	false	NONE	3
minecraft:element_63	-74	false	NONE	3
minecraft:chiseled_nether_bricks	-302	false	NONE	3
minecraft:magma_cube_spawn_egg	459	false	NONE	3
minecraft:mob_spawner	52	false	NONE	3
minecraft:warped_sign	629	false	NONE	3
minecraft:warped_fungus_on_a_stick	632	true	NONE	3
minecraft:cave_spider_spawn_egg	461	false	NONE	3
minecraft:soul_campfire	635	true	NONE	3
minecraft:element_89	-100	false	NONE	3
minecraft:oak_hanging_sign	-500	false	NONE	3
minecraft:guardian_spawn_egg	465	false	NONE	3
minecraft:red_nether_brick_slab	-890	false	NONE	3
minecraft:husk_spawn_egg	468	false	NONE	3
minecraft:lime_concrete_powder	-713	false	NONE	3
minecraft:chalkboard	230	false	NONE	3
minecraft:piglin_spawn_egg	502	false	NONE	3
minecraft:white_concrete	236	false	NONE	3
minecraft:weeping_vines	-231	false	NONE	3
minecraft:pink_candle_cake	-436	false	NONE	3
minecraft:wither_skeleton_spawn_egg	469	false	NONE	3
minecraft:exposed_copper_door	-785	false	NONE	3
minecraft:brewer_pottery_sherd	674	false	NONE	3
minecraft:spruce_sign	586	false	NONE	3
minecraft:donkey_spawn_egg	470	false	NONE	3
minecraft:creaking_spawn_egg	725	false	NONE	3
minecraft:stripped_spruce_wood	-820	false	NONE	3
minecraft:mule_spawn_egg	471	false	NONE	3
minecraft:spruce_slab	-804	false	NONE	3
minecraft:double_plant	812	false	NONE	3
minecraft:element_109	-120	false	NONE	3
minecraft:skeleton_horse_spawn_egg	472	false	NONE	3
minecraft:flowering_azalea	-338	false	NONE	3
minecraft:light_block_14	-942	false	NONE	3
minecraft:netherite_pickaxe	619	false	NONE	3
minecraft:pink_terracotta	-729	false	NONE	3
minecraft:jukebox	84	false	NONE	3
minecraft:zombie_horse_spawn_egg	473	false	NONE	3
minecraft:bamboo_door	-517	false	NONE	3
minecraft:bamboo_slab	-513	false	NONE	3
minecraft:npc_spawn_egg	475	false	NONE	3
minecraft:breeze_spawn_egg	506	false	NONE	3
minecraft:end_stone	121	false	NONE	3
minecraft:llama_spawn_egg	478	false	NONE	3
minecraft:pale_oak_hanging_sign	-993	false	NONE	3
minecraft:spruce_wall_sign	-182	false	NONE	3
minecraft:vex_spawn_egg	481	false	NONE	3
minecraft:spruce_sapling	-825	false	NONE	3
minecraft:zombie_villager_spawn_egg	482	false	NONE	3
minecraft:diorite_double_slab	-921	false	NONE	3
minecraft:twisting_vines	-287	false	NONE	3
minecraft:warped_trapdoor	-247	false	NONE	3
minecraft:daylight_detector_inverted	178	false	NONE	3
minecraft:warden_spawn_egg	645	false	NONE	3
minecraft:magenta_concrete	-629	false	NONE	3
minecraft:clay	82	false	NONE	3
minecraft:tropical_fish_spawn_egg	484	false	NONE	3
minecraft:standing_sign	63	false	NONE	3
minecraft:host_armor_trim_smithing_template	710	false	NONE	3
minecraft:cod_spawn_egg	485	false	NONE	3
minecraft:red_tulip	-833	false	NONE	3
minecraft:orange_concrete	-628	false	NONE	3
minecraft:pearlescent_froglight	-469	false	NONE	3
minecraft:element_20	-31	false	NONE	3
minecraft:warped_slab	-265	false	NONE	3
minecraft:salmon_spawn_egg	487	false	NONE	3
minecraft:normal_stone_double_slab	-926	false	NONE	3
minecraft:dolphin_spawn_egg	489	false	NONE	3
minecraft:yellow_carpet	-600	false	NONE	3
minecraft:turtle_spawn_egg	490	false	NONE	3
minecraft:oxidized_cut_copper_slab	-364	false	NONE	3
minecraft:cat_spawn_egg	493	false	NONE	3
minecraft:light_gray_wool	-552	false	NONE	3
minecraft:quartz	534	false	NONE	3
minecraft:cherry_fence	-532	false	NONE	3
minecraft:purpur_double_slab	-911	false	NONE	3
minecraft:fox_spawn_egg	495	false	NONE	3
minecraft:spruce_log	-569	false	NONE	3
minecraft:cobblestone_wall	139	false	NONE	3
minecraft:carrot_on_a_stick	527	false	NONE	3
minecraft:acacia_wood	-817	false	NONE	3
minecraft:wandering_trader_spawn_egg	497	false	NONE	3
minecraft:spruce_hanging_sign	-501	false	NONE	3
minecraft:hoglin_spawn_egg	501	false	NONE	3
minecraft:warped_fence_gate	-259	false	NONE	3
minecraft:plenty_pottery_sherd	686	false	NONE	3
minecraft:infested_cobblestone	-858	false	NONE	3
minecraft:magenta_concrete_powder	-710	false	NONE	3
minecraft:waxed_weathered_copper_bulb	-782	false	NONE	3
minecraft:sniffer_spawn_egg	505	false	NONE	3
minecraft:oxidized_cut_copper	-350	false	NONE	3
minecraft:goat_spawn_egg	508	false	NONE	3
minecraft:prismarine_slab	-885	false	NONE	3
minecraft:element_4	-15	false	NONE	3
minecraft:bolt_armor_trim_smithing_template	712	false	NONE	3
minecraft:element_72	-83	false	NONE	3
minecraft:ender_dragon_spawn_egg	512	false	NONE	3
minecraft:wither_spawn_egg	513	false	NONE	3
minecraft:glow_ink_sac	514	false	NONE	3
minecraft:magenta_harness	739	false	NONE	3
minecraft:blue_stained_glass	-683	false	NONE	3
minecraft:copper_ingot	515	false	NONE	3
minecraft:polished_sulfur_slab	-1098	false	NONE	3
minecraft:orange_candle_cake	-431	false	NONE	3
minecraft:copper_block	-340	false	NONE	3
minecraft:poplar_door	-1127	false	NONE	3
minecraft:cut_copper	-347	false	NONE	3
minecraft:prismarine_shard	575	false	NONE	3
minecraft:dark_oak_pressure_plate	-152	false	NONE	3
minecraft:seagrass	-130	false	NONE	3
minecraft:cut_copper_stairs	-354	false	NONE	3
minecraft:gray_cushion	777	false	NONE	3
minecraft:weathered_cut_copper_slab	-363	false	NONE	3
minecraft:double_stone_block_slab3	801	false	NONE	3
minecraft:waxed_exposed_cut_copper_slab	-366	false	NONE	3
minecraft:element_67	-78	false	NONE	3
minecraft:polished_cinnabar_slab	-1115	false	NONE	3
minecraft:jungle_trapdoor	-148	false	NONE	3
minecraft:fire_charge	520	false	NONE	3
minecraft:waxed_weathered_cut_copper_slab	-367	false	NONE	3
minecraft:infested_cracked_stone_bricks	-861	false	NONE	3
minecraft:waxed_oxidized_cut_copper_slab	-449	false	NONE	3
minecraft:polished_andesite	-595	false	NONE	3
minecraft:raw_copper	518	false	NONE	3
minecraft:pale_oak_stairs	-1000	false	NONE	3
minecraft:experience_bottle	519	false	NONE	3
minecraft:element_69	-80	false	NONE	3
minecraft:writable_book	521	false	NONE	3
minecraft:bamboo_fence_gate	-516	false	NONE	3
minecraft:copper_torch	-1082	false	NONE	3
minecraft:deepslate_brick_double_slab	-399	false	NONE	3
minecraft:emerald	523	false	NONE	3
minecraft:dark_prismarine_double_slab	-913	false	NONE	3
minecraft:copper_chain	-1074	false	NONE	3
minecraft:flower_pot	525	true	NONE	3
minecraft:empty_map	526	false	NONE	3
minecraft:crimson_nylium	-232	false	NONE	3
minecraft:firework_rocket	529	false	NONE	3
minecraft:exposed_chiseled_copper	-761	false	NONE	3
minecraft:end_stone_brick_wall	-980	false	NONE	3
minecraft:element_102	-113	false	NONE	3
minecraft:colored_torch_bp	841	false	NONE	3
minecraft:firework_star	530	false	NONE	3
minecraft:totem_of_undying	578	false	NONE	3
minecraft:enchanted_book	531	false	NONE	3
minecraft:netherbrick	533	false	NONE	3
minecraft:orange_poplar_leaves	-1144	false	NONE	3
minecraft:hopper_minecart	536	false	NONE	3
minecraft:polished_granite_slab	-897	false	NONE	3
minecraft:stripped_acacia_wood	-823	false	NONE	3
minecraft:dragon_breath	570	false	NONE	3
minecraft:cobblestone	4	false	NONE	3
minecraft:hopper	537	true	NONE	3
minecraft:rabbit_hide	539	false	NONE	3
minecraft:light_gray_harness	737	false	NONE	3
minecraft:leather_horse_armor	540	false	NONE	3
minecraft:diamond_horse_armor	543	false	NONE	3
minecraft:music_disc_blocks	546	true	NONE	3
minecraft:music_disc_far	548	true	NONE	3
minecraft:music_disc_mellohi	550	true	NONE	3
minecraft:info_update2	249	false	NONE	3
minecraft:prismarine_crystals	559	false	NONE	3
minecraft:lead	557	false	NONE	3
minecraft:acacia_sign	589	false	NONE	3
minecraft:blue_terracotta	-734	false	NONE	3
minecraft:chiseled_resin_bricks	-1020	false	NONE	3
minecraft:element_32	-43	false	NONE	3
minecraft:brush	693	false	NONE	3
minecraft:armor_stand	562	false	NONE	3
minecraft:birch_hanging_sign	-502	false	NONE	3
minecraft:phantom_membrane	584	false	NONE	3
minecraft:spruce_door	563	false	NONE	3
minecraft:birch_door	564	false	NONE	3
minecraft:yellow_harness	745	false	NONE	3
minecraft:granite_wall	-972	false	NONE	3
minecraft:turtle_scute	582	false	NONE	3
minecraft:element_42	-53	false	NONE	3
minecraft:acacia_door	566	false	NONE	3
minecraft:pale_oak_slab	-998	false	NONE	3
minecraft:netherite_leggings	625	false	NONE	3
minecraft:dark_oak_door	567	false	NONE	3
minecraft:yellow_stained_glass_pane	-646	false	NONE	3
minecraft:popped_chorus_fruit	569	false	NONE	3
minecraft:splash_potion	571	false	NONE	3
minecraft:chiseled_quartz_block	-953	false	NONE	3
minecraft:shulker_shell	576	false	NONE	3
minecraft:mossy_cobblestone_wall	-971	false	NONE	3
minecraft:light_blue_concrete	-630	false	NONE	3
minecraft:banner	577	false	NONE	3
minecraft:pale_oak_wood	-1005	false	NONE	3
minecraft:redstone_block	152	false	NONE	3
minecraft:brain_coral	-581	false	NONE	3
minecraft:bamboo_button	-511	false	NONE	3
minecraft:element_118	-129	false	NONE	3
minecraft:shaper_armor_trim_smithing_template	709	false	NONE	3
minecraft:mangrove_planks	-486	false	NONE	3
minecraft:iron_nugget	579	false	NONE	3
minecraft:birch_sign	587	false	NONE	3
minecraft:coral_fan_dead	804	false	NONE	3
minecraft:jungle_sign	588	false	NONE	3
minecraft:oak_fence	85	false	NONE	3
minecraft:dark_oak_sign	590	false	NONE	3
minecraft:cherry_shelf	-1054	false	NONE	3
minecraft:copper_axe	750	false	NONE	3
minecraft:flower_banner_pattern	591	false	NONE	3
minecraft:magenta_carpet	-598	false	NONE	3
minecraft:cracked_deepslate_tiles	-409	false	NONE	3
minecraft:white_terracotta	159	false	NONE	3
minecraft:birch_stairs	135	false	NONE	3
minecraft:element_114	-125	false	NONE	3
minecraft:frog_spawn_egg	641	false	NONE	3
minecraft:polished_diorite_stairs	-173	false	NONE	3
minecraft:mojang_banner_pattern	594	false	NONE	3
minecraft:monster_egg	822	false	NONE	3
minecraft:cherry_button	-530	false	NONE	3
minecraft:field_masoned_banner_pattern	595	false	NONE	3
minecraft:bordure_indented_banner_pattern	596	false	NONE	3
minecraft:potatoes	142	false	NONE	3
minecraft:piglin_banner_pattern	597	false	NONE	3
minecraft:poplar_chest_boat	770	false	NONE	3
minecraft:purple_candle_cake	-440	false	NONE	3
minecraft:short_grass	31	false	NONE	3
minecraft:orange_shulker_box	-613	false	NONE	3
minecraft:boat	843	false	NONE	3
minecraft:guster_banner_pattern	600	false	NONE	3
minecraft:purple_wool	-564	false	NONE	3
minecraft:stripped_warped_hyphae	-301	false	NONE	3
minecraft:birch_shelf	-1049	false	NONE	3
minecraft:mangrove_sign	647	false	NONE	3
minecraft:ominous_bottle	605	false	NONE	3
minecraft:blue_candle_cake	-441	false	NONE	3
minecraft:element_22	-33	false	NONE	3
minecraft:magma	213	false	NONE	3
minecraft:compound	608	false	NONE	3
minecraft:ice_bomb	609	false	NONE	3
minecraft:stone_brick_slab	-875	false	NONE	3
minecraft:medicine	613	false	NONE	3
minecraft:glow_stick	615	false	NONE	3
minecraft:quartz_ore	153	false	NONE	3
minecraft:netherite_shovel	618	false	NONE	3
minecraft:polished_deepslate_double_slab	-397	false	NONE	3
minecraft:eye_armor_trim_smithing_template	700	false	NONE	3
minecraft:waxed_copper_golem_statue	-1043	false	NONE	3
minecraft:chain_command_block	189	false	NONE	3
minecraft:gray_wool	-553	false	NONE	3
minecraft:light_blue_stained_glass	-675	false	NONE	3
minecraft:loom	-204	false	NONE	3
minecraft:netherite_axe	620	false	NONE	3
minecraft:netherite_hoe	621	false	NONE	3
minecraft:mossy_cobblestone_double_slab	-915	false	NONE	3
minecraft:mud	-473	false	NONE	3
minecraft:netherite_helmet	623	false	NONE	3
minecraft:netherite_scrap	627	false	NONE	3
minecraft:quartz_slab	-876	false	NONE	3
minecraft:crimson_sign	628	false	NONE	3
minecraft:concrete	824	false	NONE	3
minecraft:crimson_door	630	false	NONE	3
minecraft:sponge	19	false	NONE	3
minecraft:nether_sprouts	634	true	NONE	3
minecraft:acacia_leaves	161	false	NONE	3
minecraft:horn_coral	-584	false	NONE	3
minecraft:cartography_table	-200	false	NONE	3
minecraft:blackstone_slab	-282	false	NONE	3
minecraft:polished_blackstone_slab	-293	false	NONE	3
minecraft:cobbled_deepslate_slab	-380	false	NONE	3
minecraft:scrape_pottery_sherd	688	false	NONE	3
minecraft:polished_deepslate_slab	-384	false	NONE	3
minecraft:deepslate_tile_slab	-388	false	NONE	3
minecraft:amethyst_shard	637	false	NONE	3
minecraft:howl_pottery_sherd	683	false	NONE	3
minecraft:birch_chest_boat	652	false	NONE	3
minecraft:element_33	-44	false	NONE	3
minecraft:music_disc_otherside	639	true	NONE	3
minecraft:smooth_red_sandstone_stairs	-176	false	NONE	3
minecraft:magenta_candle	-415	false	NONE	3
minecraft:goat_horn	640	false	NONE	3
minecraft:frog_spawn	-468	false	NONE	3
minecraft:waxed_weathered_double_cut_copper_slab	-374	false	NONE	3
minecraft:allay_spawn_egg	644	false	NONE	3
minecraft:mangrove_slab	-489	false	NONE	3
minecraft:mangrove_propagule	-474	false	NONE	3
minecraft:mangrove_roots	-482	false	NONE	3
minecraft:muddy_mangrove_roots	-483	false	NONE	3
minecraft:green_glazed_terracotta	233	false	NONE	3
minecraft:music_disc_5	649	true	NONE	3
minecraft:jungle_standing_sign	-188	false	NONE	3
minecraft:disc_fragment_5	650	false	NONE	3
minecraft:jungle_chest_boat	653	false	NONE	3
minecraft:candle_cake	-429	false	NONE	3
minecraft:pink_glazed_terracotta	226	false	NONE	3
minecraft:mossy_stone_brick_slab	-166	false	NONE	3
minecraft:blue_concrete	-638	false	NONE	3
minecraft:creaking_heart	-1012	false	NONE	3
minecraft:spruce_chest_boat	654	false	NONE	3
minecraft:spire_armor_trim_smithing_template	705	false	NONE	3
minecraft:acacia_chest_boat	655	false	NONE	3
minecraft:white_concrete_powder	237	false	NONE	3
minecraft:dark_oak_chest_boat	656	false	NONE	3
minecraft:pale_oak_trapdoor	-1002	false	NONE	3
minecraft:sculk_shrieker	-461	false	NONE	3
minecraft:recovery_compass	659	false	NONE	3
minecraft:info_update	248	false	NONE	3
minecraft:mangrove_chest_boat	657	false	NONE	3
minecraft:tripwire_hook	131	false	NONE	3
minecraft:chest_boat	658	false	NONE	3
minecraft:echo_shard	660	false	NONE	3
minecraft:birch_trapdoor	-146	false	NONE	3
minecraft:trader_llama_spawn_egg	661	false	NONE	3
minecraft:smooth_quartz	-955	false	NONE	3
minecraft:sculk	-458	false	NONE	3
minecraft:waxed_exposed_copper_chest	-1036	false	NONE	3
minecraft:cherry_boat	662	false	NONE	3
minecraft:lit_furnace	62	false	NONE	3
minecraft:cherry_door	-531	false	NONE	3
minecraft:cherry_sapling	-547	false	NONE	3
minecraft:cherry_hanging_sign	-534	false	NONE	3
minecraft:cherry_slab	-539	false	NONE	3
minecraft:bamboo_mosaic_slab	-524	false	NONE	3
minecraft:bamboo_raft	666	false	NONE	3
minecraft:bamboo_chest_raft	667	false	NONE	3
minecraft:crimson_shelf	-1057	false	NONE	3
minecraft:quartz_stairs	156	false	NONE	3
minecraft:explorer_pottery_sherd	677	false	NONE	3
minecraft:jungle_hanging_sign	-503	false	NONE	3
minecraft:dark_oak_hanging_sign	-505	false	NONE	3
minecraft:polished_tuff	-748	false	NONE	3
minecraft:crimson_hanging_sign	-506	false	NONE	3
minecraft:brown_candle	-425	false	NONE	3
minecraft:warped_hanging_sign	-507	false	NONE	3
minecraft:archer_pottery_sherd	671	false	NONE	3
minecraft:stone_brick_double_slab	-881	false	NONE	3
minecraft:waxed_oxidized_copper	-446	false	NONE	3
minecraft:double_stone_block_slab	799	false	NONE	3
minecraft:blade_pottery_sherd	673	false	NONE	3
minecraft:danger_pottery_sherd	676	false	NONE	3
minecraft:friend_pottery_sherd	679	false	NONE	3
minecraft:flow_pottery_sherd	678	false	NONE	3
minecraft:guster_pottery_sherd	680	false	NONE	3
minecraft:heart_pottery_sherd	681	false	NONE	3
minecraft:pink_shulker_box	-618	false	NONE	3
minecraft:sheaf_pottery_sherd	689	false	NONE	3
minecraft:fire_coral_block	-851	false	NONE	3
minecraft:ladder	65	false	NONE	3
minecraft:unlit_redstone_torch	75	false	NONE	3
minecraft:shelter_pottery_sherd	690	false	NONE	3
minecraft:brick_double_slab	-880	false	NONE	3
minecraft:sentry_armor_trim_smithing_template	695	false	NONE	3
minecraft:ward_armor_trim_smithing_template	699	false	NONE	3
minecraft:bamboo_block	-527	false	NONE	3
minecraft:tide_armor_trim_smithing_template	702	false	NONE	3
minecraft:red_stained_glass_pane	-656	false	NONE	3
minecraft:wayfinder_armor_trim_smithing_template	707	false	NONE	3
minecraft:red_carpet	-610	false	NONE	3
minecraft:poplar_wall_sign	-1140	false	NONE	3
minecraft:wither_skeleton_skull	-965	false	NONE	3
minecraft:music_disc_relic	713	true	NONE	3
minecraft:stone	1	false	NONE	3
minecraft:weathered_copper_golem_statue	-1041	false	NONE	3
minecraft:wool	789	false	NONE	3
minecraft:red_nether_brick_wall	-983	false	NONE	3
minecraft:light_block_10	-938	false	NONE	3
minecraft:diorite	-592	false	NONE	3
minecraft:green_stained_glass_pane	-655	false	NONE	3
minecraft:element_11	-22	false	NONE	3
minecraft:coarse_dirt	-962	false	NONE	3
minecraft:cobblestone_double_slab	-879	false	NONE	3
minecraft:zombie_head	-966	false	NONE	3
minecraft:yellow_shulker_box	-616	false	NONE	3
minecraft:player_head	-967	false	NONE	3
minecraft:cut_sandstone	-945	false	NONE	3
minecraft:creeper_head	-968	false	NONE	3
minecraft:dragon_head	-969	false	NONE	3
minecraft:orange_stained_glass	-673	false	NONE	3
minecraft:skull	716	false	NONE	3
minecraft:red_sand	-949	false	NONE	3
minecraft:dark_oak_planks	-743	false	NONE	3
minecraft:cracked_polished_blackstone_bricks	-280	false	NONE	3
minecraft:orange_terracotta	-724	false	NONE	3
minecraft:polished_cinnabar_stairs	-1117	false	NONE	3
minecraft:copper_nugget	756	false	NONE	3
minecraft:waxed_oxidized_copper_lantern	-1090	false	NONE	3
minecraft:lime_terracotta	-728	false	NONE	3
minecraft:gray_terracotta	-730	false	NONE	3
minecraft:copper_horse_armor	757	false	NONE	3
minecraft:element_36	-47	false	NONE	3
minecraft:brown_cushion	775	false	NONE	3
minecraft:cyan_terracotta	-732	false	NONE	3
minecraft:smooth_red_sandstone_double_slab	-918	false	NONE	3
minecraft:purple_terracotta	-733	false	NONE	3
minecraft:green_terracotta	-736	false	NONE	3
minecraft:red_terracotta	-737	false	NONE	3
minecraft:black_terracotta	-738	false	NONE	3
minecraft:fletching_table	-201	false	NONE	3
minecraft:stained_hardened_clay	718	false	NONE	3
minecraft:armadillo_scute	720	false	NONE	3
minecraft:brown_carpet	-608	false	NONE	3
minecraft:polished_blackstone_bricks	-274	false	NONE	3
minecraft:element_100	-111	false	NONE	3
minecraft:armadillo_spawn_egg	719	false	NONE	3
minecraft:wolf_armor	721	true	NONE	3
minecraft:waxed_oxidized_cut_copper	-447	false	NONE	3
minecraft:polished_tuff_slab	-749	false	NONE	3
minecraft:light_blue_wool	-562	false	NONE	3
minecraft:tuff_brick_slab	-755	false	NONE	3
minecraft:oxidized_chiseled_copper	-763	false	NONE	3
minecraft:birch_planks	-740	false	NONE	3
minecraft:mossy_stone_brick_wall	-978	false	NONE	3
minecraft:oxidized_copper_door	-787	false	NONE	3
minecraft:warped_nylium	-233	false	NONE	3
minecraft:waxed_copper_door	-788	false	NONE	3
minecraft:stone_block_slab4	798	false	NONE	3
minecraft:waxed_exposed_copper_door	-789	false	NONE	3
minecraft:waterlily	111	false	NONE	3
minecraft:pale_oak_boat	722	false	NONE	3
minecraft:pale_oak_door	-990	false	NONE	3
minecraft:green_carpet	-609	false	NONE	3
minecraft:normal_stone_stairs	-180	false	NONE	3
minecraft:resin_brick_slab	-1014	false	NONE	3
minecraft:double_stone_block_slab2	800	false	NONE	3
minecraft:resin_clump	-1022	false	NONE	3
minecraft:blue_egg	727	false	NONE	3
minecraft:conduit	-157	false	NONE	3
minecraft:brown_egg	728	false	NONE	3
minecraft:black_harness	730	false	NONE	3
minecraft:blue_harness	731	false	NONE	3
minecraft:brown_harness	732	false	NONE	3
minecraft:brown_mushroom_block	99	false	NONE	3
minecraft:element_103	-114	false	NONE	3
minecraft:enchanting_table	116	false	NONE	3
minecraft:cyan_harness	733	false	NONE	3
minecraft:acacia_fence	-575	false	NONE	3
minecraft:gray_harness	734	false	NONE	3
minecraft:cut_red_sandstone	-957	false	NONE	3
minecraft:light_blue_harness	736	false	NONE	3
minecraft:bubble_coral_block	-850	false	NONE	3
minecraft:lime_harness	738	false	NONE	3
minecraft:light_gray_stained_glass	-680	false	NONE	3
minecraft:orange_harness	740	false	NONE	3
minecraft:light_blue_candle	-416	false	NONE	3
minecraft:pink_harness	741	false	NONE	3
minecraft:basalt	-234	false	NONE	3
minecraft:purple_harness	742	false	NONE	3
minecraft:red_harness	743	false	NONE	3
minecraft:dark_oak_fence_gate	186	false	NONE	3
minecraft:white_harness	744	false	NONE	3
minecraft:shroomlight	-230	false	NONE	3
minecraft:copper_golem_spawn_egg	746	false	NONE	3
minecraft:copper_shovel	748	false	NONE	3
minecraft:trip_wire	132	false	NONE	3
minecraft:copper_pickaxe	749	false	NONE	3
minecraft:cave_vines_body_with_berries	-375	false	NONE	3
minecraft:sandstone_stairs	128	false	NONE	3
minecraft:copper_hoe	751	false	NONE	3
minecraft:brick_slab	-874	false	NONE	3
minecraft:dead_horn_coral_fan	-847	false	NONE	3
minecraft:black_wool	-554	false	NONE	3
minecraft:brown_shulker_box	-624	false	NONE	3
minecraft:spruce_standing_sign	-181	false	NONE	3
minecraft:copper_chestplate	753	false	NONE	3
minecraft:sticky_piston	29	false	NONE	3
minecraft:waxed_oxidized_copper_grate	-775	false	NONE	3
minecraft:tnt	46	false	NONE	3
minecraft:copper_leggings	754	false	NONE	3
minecraft:double_stone_block_slab4	802	false	NONE	3
minecraft:copper_boots	755	false	NONE	3
minecraft:prismarine_brick_double_slab	-914	false	NONE	3
minecraft:element_24	-35	false	NONE	3
minecraft:nautilus_spawn_egg	758	false	NONE	3
minecraft:zombie_nautilus_spawn_egg	759	false	NONE	3
minecraft:barrier	-161	false	NONE	3
minecraft:frosted_ice	207	false	NONE	3
minecraft:parched_spawn_egg	760	false	NONE	3
minecraft:iron_nautilus_armor	762	false	NONE	3
minecraft:acacia_double_slab	-812	false	NONE	3
minecraft:golden_nautilus_armor	763	false	NONE	3
minecraft:hard_black_stained_glass_pane	-672	false	NONE	3
minecraft:sulfur_brick_slab	-1103	false	NONE	3
minecraft:andesite_slab	-893	false	NONE	3
minecraft:bubble_coral	-582	false	NONE	3
minecraft:cinnabar_brick_slab	-1120	false	NONE	3
minecraft:poplar_boat	769	false	NONE	3
minecraft:pale_oak_log	-995	false	NONE	3
minecraft:poplar_hanging_sign	-1130	false	NONE	3
minecraft:poplar_slab	-1135	false	NONE	3
minecraft:chiseled_sandstone	-944	false	NONE	3
minecraft:straw_bed	772	false	NONE	3
minecraft:netherite_block	-270	false	NONE	3
minecraft:blue_cushion	774	false	NONE	3
minecraft:nether_wart_block	214	false	NONE	3
minecraft:element_116	-127	false	NONE	3
minecraft:cyan_cushion	776	false	NONE	3
minecraft:crimson_roots	-223	false	NONE	3
minecraft:green_cushion	778	false	NONE	3
minecraft:light_gray_cushion	780	false	NONE	3
minecraft:yellow_concrete_powder	-712	false	NONE	3
minecraft:lime_cushion	781	false	NONE	3
minecraft:magenta_cushion	782	false	NONE	3
minecraft:waxed_exposed_cut_copper_stairs	-359	false	NONE	3
minecraft:element_96	-107	false	NONE	3
minecraft:orange_cushion	783	false	NONE	3
minecraft:spruce_trapdoor	-149	false	NONE	3
minecraft:firefly_bush	-1025	false	NONE	3
minecraft:light_gray_concrete_powder	-716	false	NONE	3
minecraft:yellow_cushion	788	false	NONE	3
minecraft:music_disc_lava_chicken	834	true	NONE	3
minecraft:nether_brick_stairs	114	false	NONE	3
minecraft:white_wool	35	false	NONE	3
minecraft:magenta_wool	-565	false	NONE	3
minecraft:yellow_wool	-558	false	NONE	3
minecraft:lime_wool	-559	false	NONE	3
minecraft:infested_chiseled_stone_bricks	-862	false	NONE	3
minecraft:pink_wool	-566	false	NONE	3
minecraft:cyan_wool	-561	false	NONE	3
minecraft:stripped_warped_stem	-241	false	NONE	3
minecraft:infested_stone_bricks	-859	false	NONE	3
minecraft:element_18	-29	false	NONE	3
minecraft:blue_wool	-563	false	NONE	3
minecraft:red_wool	-556	false	NONE	3
minecraft:dark_prismarine_stairs	-3	false	NONE	3
minecraft:deepslate_brick_stairs	-393	false	NONE	3
minecraft:orange_carpet	-597	false	NONE	3
minecraft:element_30	-41	false	NONE	3
minecraft:bamboo_pressure_plate	-514	false	NONE	3
minecraft:hard_black_stained_glass	-702	false	NONE	3
minecraft:light_blue_carpet	-599	false	NONE	3
minecraft:gray_carpet	-603	false	NONE	3
minecraft:polished_sulfur	-1097	false	NONE	3
minecraft:light_gray_carpet	-604	false	NONE	3
minecraft:oak_log	17	false	NONE	3
minecraft:birch_log	-570	false	NONE	3
minecraft:jungle_log	-571	false	NONE	3
minecraft:log	791	false	NONE	3
minecraft:birch_fence	-576	false	NONE	3
minecraft:structure_block	252	false	NONE	3
minecraft:jungle_fence	-578	false	NONE	3
minecraft:dark_oak_fence	-577	false	NONE	3
minecraft:element_53	-64	false	NONE	3
minecraft:fence	792	false	NONE	3
minecraft:waxed_oxidized_double_cut_copper_slab	-450	false	NONE	3
minecraft:oxidized_copper_golem_statue	-1042	false	NONE	3
minecraft:stone_bricks	98	false	NONE	3
minecraft:poplar_trapdoor	-1139	false	NONE	3
minecraft:cracked_stone_bricks	-869	false	NONE	3
minecraft:poppy	38	false	NONE	3
minecraft:chiseled_stone_bricks	-870	false	NONE	3
minecraft:stonebrick	793	false	NONE	3
minecraft:tall_grass	-864	false	NONE	3
minecraft:pink_concrete	-633	false	NONE	3
minecraft:brain_coral_block	-849	false	NONE	3
minecraft:sandstone_double_slab	-878	false	NONE	3
minecraft:element_16	-27	false	NONE	3
minecraft:cyan_stained_glass_pane	-651	false	NONE	3
minecraft:horn_coral_block	-852	false	NONE	3
minecraft:dead_tube_coral_block	-853	false	NONE	3
minecraft:oxidized_copper_lantern	-1086	false	NONE	3
minecraft:dead_fire_coral_block	-856	false	NONE	3
minecraft:suspicious_sand	-529	false	NONE	3
minecraft:dead_horn_coral_block	-857	false	NONE	3
minecraft:lit_blast_furnace	-214	false	NONE	3
minecraft:bamboo_stairs	-512	false	NONE	3
minecraft:coral_block	794	false	NONE	3
minecraft:sandstone_slab	-872	false	NONE	3
minecraft:cobblestone_slab	-873	false	NONE	3
minecraft:nether_brick_slab	-877	false	NONE	3
minecraft:stone_block_slab	795	false	NONE	3
minecraft:leaves	806	false	NONE	3
minecraft:andesite_wall	-974	false	NONE	3
minecraft:prismarine_brick_slab	-887	false	NONE	3
minecraft:mossy_cobblestone_slab	-888	false	NONE	3
minecraft:smooth_sandstone_slab	-889	false	NONE	3
minecraft:stone_block_slab2	796	false	NONE	3
minecraft:leaves2	807	false	NONE	3
minecraft:smooth_red_sandstone_slab	-891	false	NONE	3
minecraft:polished_andesite_slab	-892	false	NONE	3
minecraft:lectern	-194	false	NONE	3
minecraft:dead_brain_coral	-586	false	NONE	3
minecraft:diorite_slab	-894	false	NONE	3
minecraft:prismarine_bricks	-948	false	NONE	3
minecraft:granite_slab	-896	false	NONE	3
minecraft:spruce_leaves	-800	false	NONE	3
minecraft:chiseled_polished_blackstone	-279	false	NONE	3
minecraft:stone_block_slab3	797	false	NONE	3
minecraft:birch_standing_sign	-186	false	NONE	3
minecraft:prismarine_wall	-981	false	NONE	3
minecraft:normal_stone_slab	-899	false	NONE	3
minecraft:cut_sandstone_slab	-900	false	NONE	3
minecraft:red_sandstone_double_slab	181	false	NONE	3
minecraft:prismarine_double_slab	-912	false	NONE	3
minecraft:dark_oak_sapling	-829	false	NONE	3
minecraft:waxed_cut_copper_stairs	-358	false	NONE	3
minecraft:red_nether_brick_double_slab	-917	false	NONE	3
minecraft:fern	-848	false	NONE	3
minecraft:end_stone_brick_double_slab	-167	false	NONE	3
minecraft:polished_andesite_double_slab	-919	false	NONE	3
minecraft:border_block	212	false	NONE	3
minecraft:polished_diorite_double_slab	-922	false	NONE	3
minecraft:granite_double_slab	-923	false	NONE	3
minecraft:element_10	-21	false	NONE	3
minecraft:polished_granite_double_slab	-924	false	NONE	3
minecraft:mossy_stone_brick_double_slab	-168	false	NONE	3
minecraft:smooth_quartz_double_slab	-925	false	NONE	3
minecraft:chiseled_sulfur	-1107	false	NONE	3
minecraft:dead_fire_coral	-588	false	NONE	3
minecraft:purple_stained_glass_pane	-652	false	NONE	3
minecraft:cut_sandstone_double_slab	-927	false	NONE	3
minecraft:dragon_egg	122	false	NONE	3
minecraft:cut_red_sandstone_double_slab	-928	false	NONE	3
minecraft:sweet_berry_bush	-207	false	NONE	3
minecraft:tube_coral_fan	-133	false	NONE	3
minecraft:bubble_coral_fan	-841	false	NONE	3
minecraft:horn_coral_fan	-843	false	NONE	3
minecraft:poplar_shelf	-1147	false	NONE	3
minecraft:nether_brick_wall	-979	false	NONE	3
minecraft:tinted_glass	-334	false	NONE	3
minecraft:large_amethyst_bud	-330	false	NONE	3
minecraft:coral_fan	803	false	NONE	3
minecraft:dead_brain_coral_fan	-844	false	NONE	3
minecraft:dead_bubble_coral_fan	-845	false	NONE	3
minecraft:crafter	-313	false	NONE	3
minecraft:redstone_torch	76	false	NONE	3
minecraft:element_79	-90	false	NONE	3
minecraft:polished_blackstone_button	-296	false	NONE	3
minecraft:sea_pickle	-156	false	NONE	3
minecraft:lily_of_the_valley	-839	false	NONE	3
minecraft:oak_sapling	6	false	NONE	3
minecraft:acacia_sapling	-828	false	NONE	3
minecraft:sapling	805	false	NONE	3
minecraft:oak_leaves	18	false	NONE	3
minecraft:jungle_leaves	-802	false	NONE	3
minecraft:dark_oak_leaves	-803	false	NONE	3
minecraft:azalea_leaves	-324	false	NONE	3
minecraft:soul_fire	-237	false	NONE	3
minecraft:azalea_leaves_flowered	-325	false	NONE	3
minecraft:sandstone	24	false	NONE	3
minecraft:smooth_sandstone	-946	false	NONE	3
minecraft:spruce_button	-144	false	NONE	3
minecraft:red_sandstone	179	false	NONE	3
minecraft:chiseled_red_sandstone	-956	false	NONE	3
minecraft:stripped_pale_oak_wood	-1004	false	NONE	3
minecraft:smooth_red_sandstone	-958	false	NONE	3
minecraft:element_0	36	false	NONE	3
minecraft:jungle_slab	-806	false	NONE	3
minecraft:acacia_slab	-807	false	NONE	3
minecraft:redstone_lamp	123	false	NONE	3
minecraft:dark_oak_slab	-808	false	NONE	3
minecraft:warped_roots	-224	false	NONE	3
minecraft:allium	-831	false	NONE	3
minecraft:lime_concrete	-632	false	NONE	3
minecraft:cornflower	-838	false	NONE	3
minecraft:polished_sulfur_double_slab	-1099	false	NONE	3
minecraft:large_fern	-865	false	NONE	3
minecraft:red_flower	811	false	NONE	3
minecraft:sunflower	175	false	NONE	3
minecraft:exposed_cut_copper	-348	false	NONE	3
minecraft:lilac	-863	false	NONE	3
minecraft:peony	-867	false	NONE	3
minecraft:daylight_detector	151	false	NONE	3
minecraft:snow_layer	78	false	NONE	3
minecraft:red_nether_brick_stairs	-184	false	NONE	3
minecraft:light_gray_shulker_box	-620	false	NONE	3
minecraft:gray_stained_glass	-679	false	NONE	3
minecraft:jungle_planks	-741	false	NONE	3
minecraft:element_98	-109	false	NONE	3
minecraft:light_blue_concrete_powder	-711	false	NONE	3
minecraft:acacia_planks	-742	false	NONE	3
minecraft:quartz_block	155	false	NONE	3
minecraft:quartz_pillar	-954	false	NONE	3
minecraft:deprecated_purpur_block_1	-950	false	NONE	3
minecraft:deprecated_purpur_block_2	-952	false	NONE	3
minecraft:sandstone_wall	-975	false	NONE	3
minecraft:stone_brick_wall	-977	false	NONE	3
minecraft:tube_coral	-131	false	NONE	3
minecraft:fire_coral	-583	false	NONE	3
minecraft:diamond_ore	56	false	NONE	3
minecraft:dead_tube_coral	-585	false	NONE	3
minecraft:small_amethyst_bud	-332	false	NONE	3
minecraft:dead_bubble_coral	-587	false	NONE	3
minecraft:soul_soil	-236	false	NONE	3
minecraft:acacia_pressure_plate	-150	false	NONE	3
minecraft:tallgrass	819	false	NONE	3
minecraft:mushroom_stem	-1008	false	NONE	3
minecraft:dark_oak_log	-572	false	NONE	3
minecraft:element_46	-57	false	NONE	3
minecraft:log2	820	false	NONE	3
minecraft:warped_fungus	-229	false	NONE	3
minecraft:end_portal_frame	120	false	NONE	3
minecraft:pale_hanging_moss	-1011	false	NONE	3
minecraft:anvil	145	false	NONE	3
minecraft:big_dripleaf	-323	false	NONE	3
minecraft:deprecated_anvil	-961	false	NONE	3
minecraft:infested_stone	97	false	NONE	3
minecraft:prismarine	168	false	NONE	3
minecraft:leaf_litter	-1026	false	NONE	3
minecraft:dark_prismarine	-947	false	NONE	3
minecraft:gray_concrete	-634	false	NONE	3
minecraft:light_gray_concrete	-635	false	NONE	3
minecraft:cyan_concrete	-636	false	NONE	3
minecraft:purple_concrete	-637	false	NONE	3
minecraft:element_56	-67	false	NONE	3
minecraft:brown_concrete	-639	false	NONE	3
minecraft:green_concrete	-640	false	NONE	3
minecraft:lime_candle	-418	false	NONE	3
minecraft:jungle_wood	-816	false	NONE	3
minecraft:red_concrete	-641	false	NONE	3
minecraft:black_concrete	-642	false	NONE	3
minecraft:pink_concrete_powder	-714	false	NONE	3
minecraft:purple_concrete_powder	-718	false	NONE	3
minecraft:blue_concrete_powder	-719	false	NONE	3
minecraft:green_concrete_powder	-721	false	NONE	3
minecraft:sulfur	-1092	false	NONE	3
minecraft:red_concrete_powder	-722	false	NONE	3
minecraft:black_concrete_powder	-723	false	NONE	3
minecraft:concrete_powder	825	false	NONE	3
minecraft:element_75	-86	false	NONE	3
minecraft:white_stained_glass	241	false	NONE	3
minecraft:yellow_stained_glass	-676	false	NONE	3
minecraft:item.hopper	154	false	NONE	3
minecraft:wood	829	false	NONE	3
minecraft:hard_magenta_stained_glass	-689	false	NONE	3
minecraft:mud_brick_double_slab	-479	false	NONE	3
minecraft:lime_stained_glass	-677	false	NONE	3
minecraft:pink_stained_glass	-678	false	NONE	3
minecraft:birch_button	-141	false	NONE	3
minecraft:deepslate_redstone_ore	-403	false	NONE	3
minecraft:reinforced_deepslate	-466	false	NONE	3
minecraft:black_stained_glass	-687	false	NONE	3
minecraft:white_stained_glass_pane	160	false	NONE	3
minecraft:orange_stained_glass_pane	-643	false	NONE	3
minecraft:magenta_stained_glass_pane	-644	false	NONE	3
minecraft:light_block	842	false	NONE	3
minecraft:light_blue_stained_glass_pane	-645	false	NONE	3
minecraft:end_crystal	849	false	NONE	3
minecraft:pink_stained_glass_pane	-648	false	NONE	3
minecraft:black_stained_glass_pane	-657	false	NONE	3
minecraft:undyed_shulker_box	205	false	NONE	3
minecraft:light_blue_shulker_box	-615	false	NONE	3
minecraft:hard_green_stained_glass_pane	-670	false	NONE	3
minecraft:lime_shulker_box	-617	false	NONE	3
minecraft:gray_shulker_box	-619	false	NONE	3
minecraft:deepslate_diamond_ore	-405	false	NONE	3
minecraft:purple_shulker_box	-622	false	NONE	3
minecraft:blue_shulker_box	-623	false	NONE	3
minecraft:pale_oak_standing_sign	-1001	false	NONE	3
minecraft:client_request_placeholder_block	-465	false	NONE	3
minecraft:element_17	-28	false	NONE	3
minecraft:green_shulker_box	-625	false	NONE	3
minecraft:red_shulker_box	-626	false	NONE	3
minecraft:red_sandstone_stairs	180	false	NONE	3
minecraft:black_shulker_box	-627	false	NONE	3
minecraft:carved_pumpkin	-155	false	NONE	3
minecraft:piston	33	false	NONE	3
minecraft:torchflower_crop	-567	false	NONE	3
minecraft:bamboo	-163	false	NONE	3
minecraft:observer	251	false	NONE	3
minecraft:scaffolding	-165	false	NONE	3
minecraft:grindstone	-195	false	NONE	3
minecraft:bell	-206	false	NONE	3
minecraft:oak_wood	-212	false	NONE	3
minecraft:birch_wood	-815	false	NONE	3
minecraft:dark_oak_wood	-818	false	NONE	3
minecraft:stripped_oak_wood	-819	false	NONE	3
minecraft:stripped_birch_wood	-821	false	NONE	3
minecraft:music_disc_creator	830	true	NONE	3
minecraft:stripped_dark_oak_wood	-824	false	NONE	3
minecraft:music_disc_precipice	832	true	NONE	3
minecraft:music_disc_tears	833	true	NONE	3
minecraft:material_reducer	-986	false	NONE	3
minecraft:lab_table	-988	false	NONE	3
minecraft:chemistry_table	836	false	NONE	3
minecraft:hard_white_stained_glass	254	false	NONE	3
minecraft:packed_ice	174	false	NONE	3
minecraft:hard_orange_stained_glass	-688	false	NONE	3
minecraft:cobbled_deepslate	-379	false	NONE	3
minecraft:hard_light_blue_stained_glass	-690	false	NONE	3
minecraft:hard_yellow_stained_glass	-691	false	NONE	3
minecraft:hard_lime_stained_glass	-692	false	NONE	3
minecraft:hard_gray_stained_glass	-694	false	NONE	3
minecraft:potent_sulfur	-1108	false	NONE	3
minecraft:hard_light_gray_stained_glass	-695	false	NONE	3
minecraft:hard_cyan_stained_glass	-696	false	NONE	3
minecraft:crimson_double_slab	-266	false	NONE	3
minecraft:hard_purple_stained_glass	-697	false	NONE	3
minecraft:hard_blue_stained_glass	-698	false	NONE	3
minecraft:hard_green_stained_glass	-700	false	NONE	3
minecraft:hard_white_stained_glass_pane	191	false	NONE	3
minecraft:hard_orange_stained_glass_pane	-658	false	NONE	3
minecraft:hard_magenta_stained_glass_pane	-659	false	NONE	3
minecraft:hard_light_blue_stained_glass_pane	-660	false	NONE	3
minecraft:hard_yellow_stained_glass_pane	-661	false	NONE	3
minecraft:hard_pink_stained_glass_pane	-663	false	NONE	3
minecraft:carrots	141	false	NONE	3
minecraft:hard_gray_stained_glass_pane	-664	false	NONE	3
minecraft:hard_light_gray_stained_glass_pane	-665	false	NONE	3
minecraft:hard_purple_stained_glass_pane	-667	false	NONE	3
minecraft:hard_blue_stained_glass_pane	-668	false	NONE	3
minecraft:hard_stained_glass_pane	839	false	NONE	3
minecraft:gravel	13	false	NONE	3
minecraft:colored_torch_red	202	false	NONE	3
minecraft:chiseled_tuff	-753	false	NONE	3
minecraft:colored_torch_green	-963	false	NONE	3
minecraft:poplar_fence_gate	-1129	false	NONE	3
minecraft:light_block_1	-929	false	NONE	3
minecraft:mangrove_shelf	-1053	false	NONE	3
minecraft:light_block_3	-931	false	NONE	3
minecraft:light_block_4	-932	false	NONE	3
minecraft:gray_candle_cake	-437	false	NONE	3
minecraft:light_block_5	-933	false	NONE	3
minecraft:light_block_6	-934	false	NONE	3
minecraft:moss_block	-320	false	NONE	3
minecraft:lightning_rod	-312	false	NONE	3
minecraft:light_block_7	-935	false	NONE	3
minecraft:deepslate_tile_double_slab	-398	false	NONE	3
minecraft:light_block_8	-936	false	NONE	3
minecraft:light_block_9	-937	false	NONE	3
minecraft:waxed_oxidized_copper_bars	-1073	false	NONE	3
minecraft:light_block_11	-939	false	NONE	3
minecraft:gold_block	41	false	NONE	3
minecraft:light_block_12	-940	false	NONE	3
minecraft:light_block_13	-941	false	NONE	3
minecraft:slime	165	false	NONE	3
minecraft:pumpkin	86	false	NONE	3
minecraft:crimson_slab	-264	false	NONE	3
minecraft:polished_sulfur_wall	-1101	false	NONE	3
minecraft:candle	-412	false	NONE	3
minecraft:orange_candle	-414	false	NONE	3
minecraft:fire	51	false	NONE	3
minecraft:pink_candle	-419	false	NONE	3
minecraft:gray_candle	-420	false	NONE	3
minecraft:black_candle_cake	-445	false	NONE	3
minecraft:light_gray_candle	-421	false	NONE	3
minecraft:cyan_candle	-422	false	NONE	3
minecraft:purple_candle	-423	false	NONE	3
minecraft:red_candle	-427	false	NONE	3
minecraft:polished_deepslate_wall	-386	false	NONE	3
minecraft:black_candle	-428	false	NONE	3
minecraft:element_5	-16	false	NONE	3
minecraft:element_6	-17	false	NONE	3
minecraft:diamond_block	57	false	NONE	3
minecraft:element_7	-18	false	NONE	3
minecraft:element_8	-19	false	NONE	3
minecraft:element_12	-23	false	NONE	3
minecraft:element_19	-30	false	NONE	3
minecraft:element_21	-32	false	NONE	3
minecraft:element_26	-37	false	NONE	3
minecraft:element_31	-42	false	NONE	3
minecraft:element_37	-48	false	NONE	3
minecraft:element_38	-49	false	NONE	3
minecraft:element_45	-56	false	NONE	3
minecraft:element_47	-58	false	NONE	3
minecraft:element_48	-59	false	NONE	3
minecraft:soul_sand	88	false	NONE	3
minecraft:element_49	-60	false	NONE	3
minecraft:element_54	-65	false	NONE	3
minecraft:element_55	-66	false	NONE	3
minecraft:crafting_table	58	false	NONE	3
minecraft:element_57	-68	false	NONE	3
minecraft:element_58	-69	false	NONE	3
minecraft:element_59	-70	false	NONE	3
minecraft:element_60	-71	false	NONE	3
minecraft:element_61	-72	false	NONE	3
minecraft:element_65	-76	false	NONE	3
minecraft:element_66	-77	false	NONE	3
minecraft:element_73	-84	false	NONE	3
minecraft:cobbled_deepslate_wall	-382	false	NONE	3
minecraft:element_76	-87	false	NONE	3
minecraft:weathered_copper_bars	-1068	false	NONE	3
minecraft:element_81	-92	false	NONE	3
minecraft:exposed_lightning_rod	-1059	false	NONE	3
minecraft:element_82	-93	false	NONE	3
minecraft:tuff_bricks	-754	false	NONE	3
minecraft:element_85	-96	false	NONE	3
minecraft:element_87	-98	false	NONE	3
minecraft:element_88	-99	false	NONE	3
minecraft:element_90	-101	false	NONE	3
minecraft:element_92	-103	false	NONE	3
minecraft:element_93	-104	false	NONE	3
minecraft:element_95	-106	false	NONE	3
minecraft:cactus	81	false	NONE	3
minecraft:element_99	-110	false	NONE	3
minecraft:element_101	-112	false	NONE	3
minecraft:element_107	-118	false	NONE	3
minecraft:element_108	-119	false	NONE	3
minecraft:element_110	-121	false	NONE	3
minecraft:poplar_wood	-1142	false	NONE	3
minecraft:element_111	-122	false	NONE	3
minecraft:element_112	-123	false	NONE	3
minecraft:warped_button	-261	false	NONE	3
minecraft:element_113	-124	false	NONE	3
minecraft:element_115	-126	false	NONE	3
minecraft:element_117	-128	false	NONE	3
minecraft:crying_obsidian	-289	false	NONE	3
minecraft:dye	846	false	NONE	3
minecraft:banner_pattern	847	false	NONE	3
minecraft:spawn_egg	848	false	NONE	3
minecraft:polished_basalt	-235	false	NONE	3
minecraft:nether_gold_ore	-288	false	NONE	3
minecraft:waxed_weathered_copper_chain	-1080	false	NONE	3
minecraft:waxed_weathered_copper_chest	-1037	false	NONE	3
minecraft:mangrove_trapdoor	-496	false	NONE	3
minecraft:piston_arm_collision	34	false	NONE	3
minecraft:waxed_oxidized_chiseled_copper	-766	false	NONE	3
minecraft:dark_oak_button	-142	false	NONE	3
minecraft:deepslate_copper_ore	-408	false	NONE	3
minecraft:target	-239	false	NONE	3
minecraft:blackstone_double_slab	-283	false	NONE	3
minecraft:poplar_button	-1126	false	NONE	3
minecraft:jungle_button	-143	false	NONE	3
minecraft:pale_oak_fence_gate	-992	false	NONE	3
minecraft:cherry_pressure_plate	-538	false	NONE	3
minecraft:crimson_wall_sign	-252	false	NONE	3
minecraft:cobbled_deepslate_stairs	-381	false	NONE	3
minecraft:item.glow_frame	-339	false	NONE	3
minecraft:hanging_roots	-319	false	NONE	3
minecraft:waxed_exposed_copper_chain	-1079	false	NONE	3
minecraft:calcite	-326	false	NONE	3
minecraft:pale_oak_pressure_plate	-997	false	NONE	3
minecraft:stripped_dark_oak_log	-9	false	NONE	3
minecraft:lime_glazed_terracotta	225	false	NONE	3
minecraft:trapdoor	96	false	NONE	3
minecraft:cactus_flower	-1030	false	NONE	3
minecraft:bamboo_planks	-510	false	NONE	3
minecraft:mossy_cobblestone	48	false	NONE	3
minecraft:deepslate	-378	false	NONE	3
minecraft:warped_standing_sign	-251	false	NONE	3
minecraft:polished_blackstone_brick_wall	-278	false	NONE	3
minecraft:pitcher_crop	-574	false	NONE	3
minecraft:warped_pressure_plate	-263	false	NONE	3
minecraft:oak_stairs	53	false	NONE	3
minecraft:end_bricks	206	false	NONE	3
minecraft:smooth_sandstone_stairs	-177	false	NONE	3
minecraft:packed_mud	-477	false	NONE	3
minecraft:light_blue_candle_cake	-433	false	NONE	3
minecraft:oxidized_lightning_rod	-1061	false	NONE	3
minecraft:amethyst_block	-327	false	NONE	3
minecraft:chiseled_bookshelf	-526	false	NONE	3
minecraft:iron_trapdoor	167	false	NONE	3
minecraft:waxed_weathered_chiseled_copper	-767	false	NONE	3
minecraft:noteblock	25	false	NONE	3
minecraft:mangrove_log	-484	false	NONE	3
minecraft:torchflower	-568	false	NONE	3
minecraft:copper_grate	-768	false	NONE	3
minecraft:powered_comparator	150	false	NONE	3
minecraft:warped_wall_sign	-253	false	NONE	3
minecraft:open_eyeblossom	-1018	false	NONE	3
minecraft:pale_oak_sapling	-1006	false	NONE	3
minecraft:mangrove_double_slab	-499	false	NONE	3
minecraft:waxed_exposed_copper_grate	-773	false	NONE	3
minecraft:oxidized_double_cut_copper_slab	-371	false	NONE	3
minecraft:waxed_copper_bars	-1070	false	NONE	3
minecraft:stone_button	77	false	NONE	3
minecraft:jungle_shelf	-1050	false	NONE	3
minecraft:exposed_double_cut_copper_slab	-369	false	NONE	3
minecraft:blue_glazed_terracotta	231	false	NONE	3
minecraft:bamboo_fence	-515	false	NONE	3
minecraft:hardened_clay	172	false	NONE	3
minecraft:stripped_jungle_log	-7	false	NONE	3
minecraft:polished_blackstone_double_slab	-294	false	NONE	3
minecraft:hard_glass_pane	190	false	NONE	3
minecraft:tuff_brick_wall	-758	false	NONE	3
minecraft:polished_blackstone_brick_double_slab	-285	false	NONE	3
minecraft:waxed_exposed_copper	-345	false	NONE	3
minecraft:waxed_weathered_copper	-346	false	NONE	3
minecraft:resin_brick_double_slab	-1015	false	NONE	3
minecraft:cyan_candle_cake	-439	false	NONE	3
minecraft:polished_tuff_wall	-752	false	NONE	3
minecraft:mud_brick_wall	-481	false	NONE	3
minecraft:honey_block	-220	false	NONE	3
minecraft:dripstone_block	-317	false	NONE	3
minecraft:cherry_trapdoor	-543	false	NONE	3
minecraft:gold_ore	14	false	NONE	3
minecraft:stonecutter	245	false	NONE	3
minecraft:poplar_standing_sign	-1138	false	NONE	3
minecraft:dried_ghast	-1027	false	NONE	3
minecraft:warped_planks	-243	false	NONE	3
minecraft:golden_rail	27	false	NONE	3
minecraft:invisible_bedrock	95	false	NONE	3
minecraft:oxidized_copper_bulb	-779	false	NONE	3
minecraft:deepslate_tile_stairs	-389	false	NONE	3
minecraft:oxidized_copper_bars	-1069	false	NONE	3
minecraft:orange_glazed_terracotta	221	false	NONE	3
minecraft:emerald_block	133	false	NONE	3
minecraft:heavy_weighted_pressure_plate	148	false	NONE	3
minecraft:underwater_torch	239	false	NONE	3
minecraft:wall_banner	177	false	NONE	3
minecraft:spruce_double_slab	-809	false	NONE	3
minecraft:ochre_froglight	-471	false	NONE	3
minecraft:cherry_stairs	-541	false	NONE	3
minecraft:tuff_wall	-747	false	NONE	3
minecraft:glowingobsidian	246	false	NONE	3
minecraft:brown_mushroom	39	false	NONE	3
minecraft:brown_glazed_terracotta	232	false	NONE	3
minecraft:exposed_copper_lantern	-1084	false	NONE	3
minecraft:waxed_copper_trapdoor	-796	false	NONE	3
minecraft:copper_trapdoor	-792	false	NONE	3
minecraft:waxed_exposed_copper_bars	-1071	false	NONE	3
minecraft:spruce_shelf	-1048	false	NONE	3
minecraft:moving_block	250	false	NONE	3
minecraft:oxidized_copper	-343	false	NONE	3
minecraft:copper_ore	-311	false	NONE	3
minecraft:birch_pressure_plate	-151	false	NONE	3
minecraft:polished_blackstone_brick_stairs	-275	false	NONE	3
minecraft:jungle_pressure_plate	-153	false	NONE	3
minecraft:green_candle_cake	-443	false	NONE	3
minecraft:stripped_bamboo_block	-528	false	NONE	3
minecraft:sculk_catalyst	-460	false	NONE	3
minecraft:waxed_lightning_rod	-1062	false	NONE	3
minecraft:warped_shelf	-1058	false	NONE	3
minecraft:copper_bars	-1066	false	NONE	3
minecraft:oak_double_slab	157	false	NONE	3
minecraft:brown_candle_cake	-442	false	NONE	3
minecraft:purpur_stairs	203	false	NONE	3
minecraft:acacia_wall_sign	-191	false	NONE	3
minecraft:light_weighted_pressure_plate	147	false	NONE	3
minecraft:polished_blackstone	-291	false	NONE	3
minecraft:mycelium	110	false	NONE	3
minecraft:pale_oak_planks	-996	false	NONE	3
minecraft:stone_stairs	67	false	NONE	3
minecraft:warped_stairs	-255	false	NONE	3
minecraft:weathered_copper_grate	-770	false	NONE	3
minecraft:copper_chest	-1031	false	NONE	3
minecraft:wooden_button	143	false	NONE	3
minecraft:pitcher_plant	-612	false	NONE	3
minecraft:spruce_pressure_plate	-154	false	NONE	3
minecraft:birch_fence_gate	184	false	NONE	3
minecraft:redstone_wire	55	false	NONE	3
minecraft:waxed_exposed_cut_copper	-352	false	NONE	3
minecraft:lava	11	false	NONE	3
minecraft:waxed_weathered_copper_lantern	-1089	false	NONE	3
minecraft:mangrove_pressure_plate	-490	false	NONE	3
minecraft:small_dripleaf_block	-336	false	NONE	3
minecraft:waxed_exposed_lightning_rod	-1063	false	NONE	3
minecraft:rail	66	false	NONE	3
minecraft:blackstone_wall	-277	false	NONE	3
minecraft:mossy_cobblestone_stairs	-179	false	NONE	3
minecraft:stripped_pale_oak_log	-994	false	NONE	3
minecraft:detector_rail	28	false	NONE	3
minecraft:brain_coral_wall_fan	-904	false	NONE	3
minecraft:darkoak_standing_sign	-192	false	NONE	3
minecraft:waxed_exposed_copper_golem_statue	-1044	false	NONE	3
minecraft:red_glazed_terracotta	234	false	NONE	3
minecraft:waxed_oxidized_copper_chest	-1038	false	NONE	3
minecraft:waxed_oxidized_copper_chain	-1081	false	NONE	3
minecraft:bamboo_mosaic_double_slab	-525	false	NONE	3
minecraft:structure_void	217	false	NONE	3
minecraft:sulfur_stairs	-1095	false	NONE	3
minecraft:acacia_button	-140	false	NONE	3
minecraft:snow	80	false	NONE	3
minecraft:mangrove_standing_sign	-494	false	NONE	3
minecraft:black_glazed_terracotta	235	false	NONE	3
minecraft:dark_oak_shelf	-1052	false	NONE	3
minecraft:lit_redstone_ore	74	false	NONE	3
minecraft:stripped_mangrove_wood	-498	false	NONE	3
minecraft:bone_block	216	false	NONE	3
minecraft:lapis_block	22	false	NONE	3
minecraft:coal_ore	16	false	NONE	3
minecraft:bamboo_shelf	-1056	false	NONE	3
minecraft:redstone_ore	73	false	NONE	3
minecraft:waxed_copper_chest	-1035	false	NONE	3
minecraft:waxed_copper_chain	-1078	false	NONE	3
minecraft:nether_brick_fence	113	false	NONE	3
minecraft:pale_oak_button	-989	false	NONE	3
minecraft:crimson_hyphae	-299	false	NONE	3
minecraft:wildflowers	-1024	false	NONE	3
minecraft:polished_blackstone_stairs	-292	false	NONE	3
minecraft:polished_sulfur_stairs	-1100	false	NONE	3
minecraft:waxed_weathered_copper_grate	-774	false	NONE	3
minecraft:ender_chest	130	false	NONE	3
minecraft:warped_double_slab	-267	false	NONE	3
minecraft:jungle_wall_sign	-189	false	NONE	3
minecraft:sculk_sensor	-307	false	NONE	3
minecraft:oak_shelf	-1047	false	NONE	3
minecraft:diorite_stairs	-170	false	NONE	3
minecraft:stripped_cherry_log	-535	false	NONE	3
minecraft:crimson_button	-260	false	NONE	3
minecraft:honeycomb_block	-221	false	NONE	3
minecraft:blackstone	-273	false	NONE	3
minecraft:chorus_flower	200	false	NONE	3
minecraft:cinnabar_brick_double_slab	-1121	false	NONE	3
minecraft:polished_cinnabar_double_slab	-1116	false	NONE	3
minecraft:cracked_nether_bricks	-303	false	NONE	3
minecraft:powered_repeater	94	false	NONE	3
minecraft:deepslate_tiles	-387	false	NONE	3
minecraft:red_mushroom	40	false	NONE	3
minecraft:gilded_blackstone	-281	false	NONE	3
minecraft:exposed_cut_copper_stairs	-355	false	NONE	3
minecraft:mangrove_stairs	-488	false	NONE	3
minecraft:unknown	-305	false	NONE	3
minecraft:yellow_candle_cake	-434	false	NONE	3
minecraft:dropper	125	false	NONE	3
minecraft:jungle_stairs	136	false	NONE	3
minecraft:pink_petals	-549	false	NONE	3
minecraft:infested_deepslate	-454	false	NONE	3
minecraft:soul_torch	-268	false	NONE	3
minecraft:podzol	243	false	NONE	3
minecraft:crimson_fence_gate	-258	false	NONE	3
minecraft:deadbush	32	false	NONE	3
minecraft:waxed_weathered_copper_golem_statue	-1045	false	NONE	3
minecraft:suspicious_gravel	-573	false	NONE	3
minecraft:brick_block	45	false	NONE	3
minecraft:waxed_weathered_copper_trapdoor	-798	false	NONE	3
minecraft:stripped_birch_log	-6	false	NONE	3
minecraft:cave_vines	-322	false	NONE	3
minecraft:melon_stem	105	false	NONE	3
minecraft:crimson_planks	-242	false	NONE	3
minecraft:waxed_weathered_cut_copper	-353	false	NONE	3
minecraft:horn_coral_wall_fan	-137	false	NONE	3
minecraft:waxed_oxidized_copper_trapdoor	-799	false	NONE	3
minecraft:brick_stairs	108	false	NONE	3
minecraft:wall_sign	68	false	NONE	3
minecraft:waxed_oxidized_copper_golem_statue	-1046	false	NONE	3
minecraft:dark_oak_stairs	164	false	NONE	3
minecraft:birch_double_slab	-810	false	NONE	3
minecraft:glass_pane	102	false	NONE	3
minecraft:chiseled_deepslate	-395	false	NONE	3
minecraft:weathered_lightning_rod	-1060	false	NONE	3
minecraft:bamboo_trapdoor	-520	false	NONE	3
minecraft:mangrove_wall_sign	-495	false	NONE	3
minecraft:light_gray_candle_cake	-438	false	NONE	3
minecraft:cherry_leaves	-548	false	NONE	3
minecraft:darkoak_wall_sign	-193	false	NONE	3
minecraft:cyan_glazed_terracotta	229	false	NONE	3
minecraft:chiseled_tuff_bricks	-759	false	NONE	3
minecraft:cracked_deepslate_bricks	-410	false	NONE	3
minecraft:fire_coral_wall_fan	-907	false	NONE	3
minecraft:flowing_lava	10	false	NONE	3
minecraft:jungle_fence_gate	185	false	NONE	3
minecraft:resin_brick_wall	-1017	false	NONE	3
minecraft:exposed_copper_grate	-769	false	NONE	3
minecraft:coal_block	173	false	NONE	3
minecraft:exposed_copper_chest	-1032	false	NONE	3
minecraft:exposed_copper_chain	-1075	false	NONE	3
minecraft:waxed_double_cut_copper_slab	-372	false	NONE	3
minecraft:item.kelp	-138	false	NONE	3
minecraft:sulfur_double_slab	-1094	false	NONE	3
minecraft:chorus_plant	240	false	NONE	3
minecraft:water	9	false	NONE	3
minecraft:chemical_heat	192	false	NONE	3
minecraft:mud_brick_stairs	-480	false	NONE	3
minecraft:unpowered_repeater	93	false	NONE	3
minecraft:white_glazed_terracotta	220	false	NONE	3
minecraft:acacia_trapdoor	-145	false	NONE	3
minecraft:weathered_copper_chest	-1033	false	NONE	3
minecraft:weathered_copper_chain	-1076	false	NONE	3
minecraft:glow_lichen	-411	false	NONE	3
minecraft:pale_moss_block	-1009	false	NONE	3
minecraft:soul_lantern	-269	false	NONE	3
minecraft:bee_nest	-218	false	NONE	3
minecraft:bubble_column	-160	false	NONE	3
minecraft:calibrated_sculk_sensor	-580	false	NONE	3
minecraft:stripped_acacia_log	-8	false	NONE	3
minecraft:cobbled_deepslate_double_slab	-396	false	NONE	3
minecraft:warped_fence	-257	false	NONE	3
minecraft:cherry_standing_sign	-542	false	NONE	3
minecraft:pale_oak_shelf	-1055	false	NONE	3
minecraft:waxed_exposed_copper_trapdoor	-797	false	NONE	3
minecraft:mossy_stone_brick_stairs	-175	false	NONE	3
minecraft:waxed_copper	-344	false	NONE	3
minecraft:end_rod	208	false	NONE	3
minecraft:crimson_stem	-225	false	NONE	3
minecraft:tuff_brick_double_slab	-756	false	NONE	3
minecraft:warped_hyphae	-298	false	NONE	3
minecraft:poplar_pressure_plate	-1134	false	NONE	3
minecraft:resin_bricks	-1013	false	NONE	3
minecraft:tuff_stairs	-746	false	NONE	3
minecraft:grass_block	2	false	NONE	3
minecraft:item.reeds	83	false	NONE	3
minecraft:deepslate_gold_ore	-402	false	NONE	3
minecraft:item.camera	242	false	NONE	3
minecraft:vault	-314	false	NONE	3
minecraft:beehive	-219	false	NONE	3
minecraft:stripped_poplar_log	-1131	false	NONE	3
minecraft:glass	20	false	NONE	3
minecraft:wither_rose	-216	false	NONE	3
minecraft:waxed_weathered_cut_copper_stairs	-360	false	NONE	3
minecraft:bamboo_mosaic_stairs	-523	false	NONE	3
minecraft:polished_blackstone_pressure_plate	-295	false	NONE	3
minecraft:acacia_standing_sign	-190	false	NONE	3
minecraft:cinnabar	-1109	false	NONE	3
minecraft:tuff_brick_stairs	-757	false	NONE	3
minecraft:exposed_copper_bulb	-777	false	NONE	3
minecraft:crimson_stairs	-254	false	NONE	3
minecraft:stripped_spruce_log	-5	false	NONE	3
minecraft:waxed_oxidized_copper_bulb	-783	false	NONE	3
minecraft:poplar_planks	-1133	false	NONE	3
minecraft:pumpkin_stem	104	false	NONE	3
minecraft:deepslate_emerald_ore	-407	false	NONE	3
minecraft:quartz_bricks	-304	false	NONE	3
minecraft:unpowered_comparator	149	false	NONE	3
minecraft:end_brick_stairs	-178	false	NONE	3
minecraft:weathered_copper_lantern	-1085	false	NONE	3
minecraft:item.nether_sprouts	-238	false	NONE	3
minecraft:verdant_froglight	-470	false	NONE	3
minecraft:resin_block	-1021	false	NONE	3
minecraft:warped_stem	-226	false	NONE	3
minecraft:stripped_crimson_hyphae	-300	false	NONE	3
minecraft:cocoa	127	false	NONE	3
minecraft:lever	69	false	NONE	3
minecraft:cinnabar_stairs	-1112	false	NONE	3
minecraft:weathered_copper_trapdoor	-794	false	NONE	3
minecraft:mangrove_fence	-491	false	NONE	3
minecraft:oxidized_copper_grate	-771	false	NONE	3
minecraft:item.straw_bed	-1198	false	NONE	3
minecraft:weathered_copper	-342	false	NONE	3
minecraft:poplar_double_slab	-1136	false	NONE	3
minecraft:ice	79	false	NONE	3
minecraft:item.bed	26	false	NONE	3
minecraft:web	30	false	NONE	3
minecraft:oxidized_copper_chest	-1034	false	NONE	3
minecraft:polished_blackstone_wall	-297	false	NONE	3
minecraft:waxed_exposed_double_cut_copper_slab	-373	false	NONE	3
minecraft:bubble_coral_wall_fan	-136	false	NONE	3
minecraft:poplar_stairs	-1137	false	NONE	3
minecraft:azalea	-337	false	NONE	3
minecraft:mud_bricks	-475	false	NONE	3
minecraft:birch_wall_sign	-187	false	NONE	3
minecraft:bamboo_wall_sign	-519	false	NONE	3
minecraft:sulfur_brick_wall	-1106	false	NONE	3
minecraft:bush	-1023	false	NONE	3
minecraft:bamboo_sapling	-164	false	NONE	3
minecraft:standing_banner	176	false	NONE	3
minecraft:budding_amethyst	-328	false	NONE	3
minecraft:jungle_double_slab	-811	false	NONE	3
minecraft:purple_glazed_terracotta	219	false	NONE	3
minecraft:weathered_cut_copper	-349	false	NONE	3
minecraft:bedrock	7	false	NONE	3
minecraft:dried_kelp_block	-139	false	NONE	3
minecraft:blackstone_stairs	-276	false	NONE	3
minecraft:blue_ice	-11	false	NONE	3
minecraft:dead_horn_coral_wall_fan	-910	false	NONE	3
minecraft:weathered_double_cut_copper_slab	-370	false	NONE	3
minecraft:netherrack	87	false	NONE	3
minecraft:mangrove_button	-487	false	NONE	3
minecraft:waxed_oxidized_lightning_rod	-1065	false	NONE	3
minecraft:allow	210	false	NONE	3
minecraft:cherry_wood	-546	false	NONE	3
minecraft:polished_cinnabar	-1114	false	NONE	3
minecraft:bamboo_standing_sign	-518	false	NONE	3
minecraft:cherry_log	-536	false	NONE	3
minecraft:prismarine_stairs	-2	false	NONE	3
minecraft:polished_tuff_stairs	-751	false	NONE	3
minecraft:nether_brick	112	false	NONE	3
minecraft:deepslate_iron_ore	-401	false	NONE	3
minecraft:item.wheat	59	false	NONE	3
minecraft:waxed_cut_copper	-351	false	NONE	3
minecraft:iron_chain	-286	false	NONE	3
minecraft:spore_blossom	-321	false	NONE	3
minecraft:crimson_standing_sign	-250	false	NONE	3
minecraft:emerald_ore	129	false	NONE	3
minecraft:pointed_dripstone	-308	false	NONE	3
minecraft:netherreactor	247	false	NONE	3
minecraft:exposed_copper_golem_statue	-1040	false	NONE	3
minecraft:item.cauldron	118	false	NONE	3
minecraft:cave_vines_head_with_berries	-376	false	NONE	3
minecraft:dark_oak_trapdoor	-147	false	NONE	3
minecraft:item.brewing_stand	117	false	NONE	3
minecraft:red_poplar_leaves	-1145	false	NONE	3
minecraft:weathered_copper_bulb	-778	false	NONE	3
minecraft:end_portal	119	false	NONE	3
minecraft:acacia_fence_gate	187	false	NONE	3
minecraft:lit_smoker	-199	false	NONE	3
minecraft:lapis_ore	21	false	NONE	3
minecraft:waxed_copper_lantern	-1087	false	NONE	3
minecraft:repeating_command_block	188	false	NONE	3
minecraft:yellow_poplar_leaves	-1146	false	NONE	3
minecraft:cherry_planks	-537	false	NONE	3
minecraft:polished_deepslate	-383	false	NONE	3
minecraft:tuff_double_slab	-745	false	NONE	3
minecraft:cinnabar_brick_wall	-1123	false	NONE	3
minecraft:furnace	61	false	NONE	3
minecraft:amethyst_cluster	-329	false	NONE	3
minecraft:waxed_chiseled_copper	-764	false	NONE	3
minecraft:poplar_log	-1132	false	NONE	3
minecraft:crimson_fence	-256	false	NONE	3
minecraft:dispenser	23	false	NONE	3
minecraft:item.soul_campfire	-290	false	NONE	3
minecraft:wooden_pressure_plate	72	false	NONE	3
minecraft:lime_candle_cake	-435	false	NONE	3
minecraft:trial_spawner	-315	false	NONE	3
minecraft:grass_path	198	false	NONE	3
minecraft:waxed_weathered_lightning_rod	-1064	false	NONE	3
minecraft:pale_oak_double_slab	-999	false	NONE	3
minecraft:cherry_fence_gate	-533	false	NONE	3
minecraft:gray_glazed_terracotta	227	false	NONE	3
minecraft:bamboo_mosaic	-509	false	NONE	3
minecraft:raw_iron_block	-451	false	NONE	3
minecraft:iron_block	42	false	NONE	3
minecraft:stripped_mangrove_log	-485	false	NONE	3
minecraft:copper_lantern	-1083	false	NONE	3
minecraft:tube_coral_wall_fan	-135	false	NONE	3
